id,alpha_init,alpha_decay,graph_type,graph_weights,graph_args,reg_param,batch_sz,data_heterogeneity,timestamp,fstar,proj_const,max_gamma_C,max_beta_C,max_auc_C,g,s2,pi,lam_pi,nu2,nu2_bound,L,mu,tau,m,n_loc,dB_max,dB_pi,eps_opt,eps_byz,epsilon,byz_cons_floor,alpha_max_conv,alpha_max_stab,n,K,b,sim_gamma_C,sim_beta_C,val_gamma_C,val_beta_C,val_auc,tau_log,RDSGD_T3,IOS_T3,SCC_T3,TriMean_T3,CooMed_T3,RDSGD_T0,IOS_T0,SCC_T0,TriMean_T0,CooMed_T0,DSGD_T0,atk_type,train_atks,val_atks
k-KDcnk530AmI0eslc-zJ,0.5,0.1,watts-strogatz,MH_gen,"{'ws_k': 4, 'ws_p': 0.1, 'dirichlet_alpha': 10, 'MH_target_pi': array([0.05550154, 0.06506976, 0.0446479 , 0.07894959, 0.04213602,
       0.04332647, 0.0225586 , 0.03467782, 0.04451716, 0.06069116,
       0.05114237, 0.04270348, 0.07035842, 0.04155583, 0.04584595,
       0.03780945, 0.05063219, 0.0570827 , 0.0428718 , 0.06792178])}",0.2,100,1,2026-07-31 21:54:47.933256,34.025632850008144,1.7908778083459722,1.0,0.2,0.9993939393939394,-0.1288286912999157,1.1288286912999157,"[0.0662259  0.07764294 0.05327505 0.09420472 0.0502778  0.05169828
 0.02691751 0.04137849 0.05311905 0.07241828 0.05095492 0.08395351
 0.0495855  0.05470459 0.04511522 0.06041566 0.06811257]",0.9868171473309204,0.1550206090335801,0.7335165163772667,2.0555939244674097,0.2,0.8954389041729861,17,1217,0.4431108608697122,0.1478928753168514,0.0039917447807895,0.0014681519619857,0.0054598967427752,0.1561838687474322,-0.0104453745919438,0.8866844241355364,20,140,3,0.25,0.5,0.2989795918367346,0.0099206349206348,0.976120728053126,0.1181140685587128,0.8573160173160174,0.8556277056277056,0.8473160173160174,0.8471861471861472,0.8453679653679653,0.8574891774891775,0.8559740259740259,0.8559740259740259,0.8577922077922078,0.8542424242424242,0.8559740259740259,sign_flip,"{'gaussian', 'label_flip', 'sign_flip'}","{'gaussian', 'label_flip', 'sign_flip'}"
6mfQOh1xcgLYNe8V0cuDQ,0.5,0.1,complete,MH_gen,"{'dirichlet_alpha': 10, 'MH_target_pi': array([0.05550154, 0.06506976, 0.0446479 , 0.07894959, 0.04213602,
       0.04332647, 0.0225586 , 0.03467782, 0.04451716, 0.06069116,
       0.05114237, 0.04270348, 0.07035842, 0.04155583, 0.04584595,
       0.03780945, 0.05063219, 0.0570827 , 0.0428718 , 0.06792178])}",0.2,100,1,2026-07-31 21:57:59.104484,34.025632850008144,1.7908778083459729,1.0,0.2941176470588235,0.9999321527919126,0.34752063924013,0.65247936075987,"[0.0662259  0.07764294 0.05327505 0.09420472 0.0502778  0.05169828
 0.02691751 0.04137849 0.05311905 0.07241828 0.05095492 0.08395351
 0.0495855  0.05470459 0.04511522 0.06041566 0.06811257]",0.7874284017325011,0.0324358729048689,0.1736725216276869,2.0555939244674097,0.2,0.8954389041729863,17,1217,0.1578947368421052,0.1428665930581896,0.003980543416456,0.0014282666136413,0.0054088100300973,0.0199710791518417,0.0281768231802048,0.8866844241355364,20,140,3,0.25,0.5,0.6195203081232493,0.0099906629318393,0.9393623707652996,0.091946473450794,0.8573593073593073,0.8185281385281385,0.849004329004329,0.8338095238095238,0.8285281385281386,0.8571428571428571,0.8557575757575757,0.8556709956709957,0.8577056277056277,0.8480952380952381,0.8557575757575757,sign_flip,"{'gaussian', 'label_flip', 'sign_flip'}","{'gaussian', 'label_flip', 'sign_flip'}"
GgnvdtfLjPlVSzSUfeFix,0.5,0.1,erdos-renyi,MH_gen,"{'er_p': np.float64(0.4493598410330987), 'dirichlet_alpha': 10, 'MH_target_pi': array([0.05550154, 0.06506976, 0.0446479 , 0.07894959, 0.04213602,
       0.04332647, 0.0225586 , 0.03467782, 0.04451716, 0.06069116,
       0.05114237, 0.04270348, 0.07035842, 0.04155583, 0.04584595,
       0.03780945, 0.05063219, 0.0570827 , 0.0428718 , 0.06792178])}",0.2,100,1,2026-07-31 22:04:21.776653,34.025632850008144,1.7924840178124302,1.0,0.4166666666666667,0.9976265822784812,0.3087997916031199,0.6912002083968801,"[0.0662259  0.07764294 0.05327505 0.09420472 0.0502778  0.05169828
 0.02691751 0.04137849 0.05311905 0.07241828 0.05095492 0.08395351
 0.0495855  0.05470459 0.04511522 0.06041566 0.06811257]",0.7889432462076897,0.0687687626601527,0.5100319261279619,2.0555939244674097,0.2,0.8962420089062151,17,1217,0.3525575618299715,0.1373659841504223,0.0039881745066667,0.0013648731691487,0.0053530476758154,0.0990490076731104,0.0250373535946249,0.8866844241355364,20,140,3,0.25,0.5,0.3228006456820016,0.0099206349206348,0.975884489859974,0.1103653684983339,0.8572727272727273,0.8196969696969697,0.8493506493506493,0.8244588744588744,0.8203030303030303,0.8575324675324675,0.8557142857142858,0.8557142857142858,0.8593073593073594,0.8478787878787879,0.8557142857142858,sign_flip,"{'sign_flip', 'gaussian', 'label_flip'}","{'sign_flip', 'gaussian', 'label_flip'}"
Ywf6_2m4_gig66jorndcj,0.5,0.1,geometric,MH_gen,"{'geom_radius': 0.4, 'dirichlet_alpha': 10, 'MH_target_pi': array([0.05550154, 0.06506976, 0.0446479 , 0.07894959, 0.04213602,
       0.04332647, 0.0225586 , 0.03467782, 0.04451716, 0.06069116,
       0.05114237, 0.04270348, 0.07035842, 0.04155583, 0.04584595,
       0.03780945, 0.05063219, 0.0570827 , 0.0428718 , 0.06792178])}",0.2,100,1,2026-07-31 22:07:34.978737,34.025632850008144,1.7903140904428432,1.0,0.0384615384615384,0.999877511024008,0.0336697863859793,0.9663302136140206,"[0.0662259  0.07764294 0.05327505 0.09420472 0.0502778  0.05169828
 0.02691751 0.04137849 0.05311905 0.07241828 0.05095492 0.08395351
 0.0495855  0.05470459 0.04511522 0.06041566 0.06811257]",0.9406508159177672,0.0815062561272593,0.6059822882741434,2.0555939244674097,0.2,0.8951570452214216,17,1217,0.3160101968654812,0.1509085927327657,0.0039865499291823,0.001475547670319,0.0054620975995014,0.0782154183211883,0.0027299317231557,0.8866844241355364,20,140,3,0.25,0.5,0.3167989417989418,0.0097744360902255,0.9861004915286452,0.0608588085466034,0.8572727272727273,0.8463636363636363,0.8487445887445887,0.8313419913419914,0.8267532467532468,0.8574025974025974,0.8556709956709957,0.8554978354978355,0.8561904761904762,0.8458441558441558,0.8556709956709957,sign_flip,"{'label_flip', 'sign_flip', 'gaussian'}","{'label_flip', 'sign_flip', 'gaussian'}"
