id,alpha_init,alpha_decay,graph_type,graph_weights,graph_args,reg_param,batch_sz,data_heterogeneity,timestamp,proj_const,C_fpr,C_fnr,C_tau,T3_RDSGD_ORACLE,max_test_acc,min_test_acc,term_cons,g,s2,pi,lam_pi,nu2,nu2_bound,L,mu,tau,h,n_loc,f_star,f_pi_star,dB_max,dB_pi,opt_gap,eps_opt,eps_byz,epsilon,byz_cons_floor,alpha_max_conv,alpha_max_stab,n,K,b,atk_type,train_atks,val_atks
rnZXo27mmsl_hdvOtskRc,0.5,0.1,geometric,MH,{'geom_radius': 0.4},0.2,100,1,2026-08-03 11:31:48.771484,1.8835731499628965,0.0,0.0,0,{'test_acc': np.float64(0.86004329004329)},0.8603896103896104,0.0,0.005000204322255,0.1298116470724745,0.8701883529275255,"[0.0625 0.0625 0.0625 0.0625 0.0625 0.0625 0.0625 0.0625 0.0625 0.0625
 0.0625 0.0625 0.0625 0.0625 0.0625 0.0625]",0.9328388676119396,0.0,0.0,1.919617428313184,0.2,0.9417865749814482,16,2345,1.5636066337756134,1.5636066337756134,0.2734487734487734,0.1653370934620935,0.2917058213555177,0.0020465004566238,0.0,0.0020465004566238,0.0,0.0112706178809235,0.9435665008621972,20,140,4,sign_flip,"{'sign_flip', 'label_flip', 'gaussian'}","{'sign_flip', 'label_flip', 'gaussian'}"
Bt70XJzU15wD2tqNZoCOu,0.5,0.1,geometric,MH,{'geom_radius': 0.4},0.2,100,1,2026-08-03 11:32:04.586339,1.8835731499628965,0.0,0.2,0,{'test_acc': np.float64(0.8572727272727273)},0.8586147186147186,0.0,0.0007944512001682,0.3475840843997756,0.6524159156002244,"[0.0625 0.0625 0.0625 0.0625 0.0625 0.0625 0.0625 0.0625 0.0625 0.0625
 0.0625 0.0625 0.0625 0.0625 0.0625 0.0625]",0.8077226724564716,0.0,0.0,2.776170243507541,0.2,0.9417865749814482,16,2345,1.5544081093622368,1.5544081093622368,0.25,0.1253749722499723,0.288101312647197,0.0031076532576576,0.0128902239744759,0.0159978772321336,1.1087024410191086,0.0208671211244248,0.6720045684090021,20,140,4,sign_flip,"{'sign_flip', 'label_flip', 'gaussian'}","{'sign_flip', 'label_flip', 'gaussian'}"
zJS2hxrO5hn1lCw7LQ7iN,0.5,0.1,geometric,MH,{'geom_radius': 0.4},0.2,100,1,2026-08-03 11:32:21.537403,1.8835731499628965,0.0,0.4,0,{'test_acc': np.float64(0.8569696969696969)},0.8573593073593073,0.0,0.0007170626330386,0.2340422391546863,0.7659577608453136,"[0.0625 0.0625 0.0625 0.0625 0.0625 0.0625 0.0625 0.0625 0.0625 0.0625
 0.0625 0.0625 0.0625 0.0625 0.0625 0.0625]",0.8751901283980034,0.0,0.0,1.8940287207952624,0.2,0.9417865749814482,16,2345,1.575661721095566,1.575661721095566,0.2742424242424243,0.1651310495060494,0.2886224963726553,0.0022407227419888,0.033955360867866,0.0361960836098548,2.6682975698973026,0.0205947457030831,0.9550967377565136,20,140,4,sign_flip,"{'sign_flip', 'label_flip', 'gaussian'}","{'sign_flip', 'label_flip', 'gaussian'}"
KT5FLV-rLMUNEm6Z-NmQM,0.5,0.1,geometric,MH,{'geom_radius': 0.4},0.2,100,1,2026-08-03 11:32:36.203542,1.8835731499628965,0.0,0.6000000000000001,0,{'test_acc': np.float64(0.8423376623376624)},0.8423376623376624,0.0,0.0003534830850321,0.3322748021551411,0.6677251978448588,"[0.0625 0.0625 0.0625 0.0625 0.0625 0.0625 0.0625 0.0625 0.0625 0.0625
 0.0625 0.0625 0.0625 0.0625 0.0625 0.0625]",0.8171445391391041,0.0,0.0,1.8449291643909744,0.2,0.9417865749814482,16,2345,1.5618350441052664,1.5618350441052664,0.2833333333333333,0.1494023337773337,0.2726389412594483,0.0023012442668842,0.0460816742800834,0.0483829185469677,4.272200072726966,0.0300169430682747,0.9780289874224786,20,140,4,sign_flip,"{'sign_flip', 'label_flip', 'gaussian'}","{'sign_flip', 'label_flip', 'gaussian'}"
49oKOyW9tACEHf2MuWQmV,0.5,0.1,geometric,MH,{'geom_radius': 0.4},0.2,100,1,2026-08-03 11:32:50.524271,1.8835731499628965,0.0,0.8,0,{'test_acc': np.float64(0.828051948051948)},0.828051948051948,0.0,0.0008186412671317,0.2737734596473202,0.7262265403526798,"[0.0625 0.0625 0.0625 0.0625 0.0625 0.0625 0.0625 0.0625 0.0625 0.0625
 0.0625 0.0625 0.0625 0.0625 0.0625 0.0625]",0.8521892632230705,0.0,0.0,2.059031083012388,0.2,0.9417865749814482,16,2345,1.559490059658775,1.5594900596587753,0.2853535353535353,0.1680614524364524,0.2941122519407155,0.0026962393626489,0.0691158601913735,0.0718120995540224,5.777786539893072,0.0221603793734208,0.8853353170037068,20,140,4,sign_flip,"{'sign_flip', 'label_flip', 'gaussian'}","{'sign_flip', 'label_flip', 'gaussian'}"
h4oeux_wn-wJ6jgfKmGpI,0.5,0.1,geometric,MH,{'geom_radius': 0.4},0.2,100,1,2026-08-03 11:33:04.244933,1.8835731499628965,0.0,1.0,0,{'test_acc': np.float64(0.7722510822510823)},0.7722510822510823,0.0,0.0013799213506554,0.1608686932171469,0.8391313067828531,"[0.0625 0.0625 0.0625 0.0625 0.0625 0.0625 0.0625 0.0625 0.0625 0.0625
 0.0625 0.0625 0.0625 0.0625 0.0625 0.0625]",0.916041105400218,0.0,0.0,2.0113544800216148,0.2,0.9417865749814482,16,2345,1.566136113419073,1.566136113419073,0.2797619047619047,0.1530226717726723,0.2755831832670314,0.0027441949259102,0.0786638862974064,0.0814080812233167,6.9419605788299625,0.0133300465610797,0.9044230665272855,20,140,4,sign_flip,"{'sign_flip', 'label_flip', 'gaussian'}","{'sign_flip', 'label_flip', 'gaussian'}"
T0eBJIySdrzFeqqTUEGx4,0.5,0.1,geometric,MH,{'geom_radius': 0.4},0.2,100,1,2026-08-03 11:33:17.337775,1.8835731499628965,0.2,0.0,0,{'test_acc': np.float64(0.8594372294372294)},0.8596103896103896,0.0,0.0067241295951232,0.16965411780239,0.83034588219761,"[0.0625 0.0625 0.0625 0.0625 0.0625 0.0625 0.0625 0.0625 0.0625 0.0625
 0.0625 0.0625 0.0625 0.0625 0.0625 0.0625]",0.8980721600827816,0.0238122774818567,0.0914285714285724,2.823330607871516,0.2,0.9417865749814482,16,2345,1.54949148169442,1.54949148169442,0.2435897435897435,0.1675380175380175,0.3026603033537408,0.0030099473431466,0.0,0.0030099473431466,0.0,0.0100150107187465,0.6615220957948886,20,140,4,sign_flip,"{'sign_flip', 'label_flip', 'gaussian'}","{'sign_flip', 'label_flip', 'gaussian'}"
T9_Vp8lQxpxChy69D4ymf,0.5,0.1,geometric,MH,{'geom_radius': 0.4},0.2,100,1,2026-08-03 11:33:30.363208,1.8835731499628965,0.2,0.2,0,{'test_acc': np.float64(0.8500865800865801)},0.8503896103896104,0.0,0.0034603130966849,0.1453652131088439,0.854634786891156,"[0.0625 0.0625 0.0625 0.0625 0.0625 0.0625 0.0625 0.0625 0.0625 0.0625
 0.0625 0.0625 0.0625 0.0625 0.0625 0.0625]",0.9102804459929208,0.0260242965340854,0.0800000000000004,2.237871891093085,0.2,0.9417865749814482,16,2345,1.563709832252711,1.5637098322527112,0.2936507936507936,0.1676233488733488,0.2731376232100639,0.0025259088086084,0.0172339221421415,0.01975983095075,1.529668573197439,0.0108261494389237,0.8203876533902881,20,140,4,sign_flip,"{'sign_flip', 'label_flip', 'gaussian'}","{'sign_flip', 'label_flip', 'gaussian'}"
NjyHANLsr6jiTecSg3wPl,0.5,0.1,geometric,MH,{'geom_radius': 0.4},0.2,100,1,2026-08-03 11:33:43.848434,1.8835731499628965,0.2,0.4,0,{'test_acc': np.float64(0.8577922077922078)},0.8577922077922078,0.0,0.0014591314980094,0.1421499034187023,0.8578500965812976,"[0.0625 0.0625 0.0625 0.0625 0.0625 0.0625 0.0625 0.0625 0.0625 0.0625
 0.0625 0.0625 0.0625 0.0625 0.0625 0.0625]",0.9125982563413056,0.0250145191041065,0.0914285714285729,2.877618181663129,0.2,0.9417865749814482,16,2345,1.572976167869016,1.572976167869016,0.3055555555555555,0.1573156010656012,0.2727414607516263,0.0034427793928923,0.0323482956131278,0.0357910750060202,3.3124196386002995,0.0082330764799696,0.6498531922888531,20,140,4,sign_flip,"{'sign_flip', 'label_flip', 'gaussian'}","{'sign_flip', 'label_flip', 'gaussian'}"
ymh96lMF2xDj_XuaR7o9y,0.5,0.1,geometric,MH,{'geom_radius': 0.4},0.2,100,1,2026-08-03 11:33:56.720567,1.8835731499628965,0.2,0.6000000000000001,0,{'test_acc': np.float64(0.8463636363636363)},0.8465367965367966,0.0,0.0014081517191554,0.1522375325904149,0.847762467409585,"[0.0625 0.0625 0.0625 0.0625 0.0625 0.0625 0.0625 0.0625 0.0625 0.0625
 0.0625 0.0625 0.0625 0.0625 0.0625 0.0625]",0.9063816279368796,0.0262348119480769,0.0914285714285727,2.2638538262607506,0.2,0.9417865749814482,16,2345,1.5541328733729336,1.5541328733729336,0.3075396825396825,0.1635694166944166,0.270751493047655,0.0028588366295175,0.0504513710845318,0.0533102077140493,5.0333666185722015,0.0112078446956583,0.8117364669458841,20,140,4,sign_flip,"{'sign_flip', 'label_flip', 'gaussian'}","{'sign_flip', 'label_flip', 'gaussian'}"
0lT5j1LEbKKG5x_JzsJJ4,0.5,0.1,geometric,MH,{'geom_radius': 0.4},0.2,100,1,2026-08-03 11:34:10.039284,1.8835731499628965,0.2,0.8,0,{'test_acc': np.float64(0.8297402597402598)},0.82995670995671,0.0,0.001380689641793,0.1585316863346576,0.8414683136653424,"[0.0625 0.0625 0.0625 0.0625 0.0625 0.0625 0.0625 0.0625 0.0625 0.0625
 0.0625 0.0625 0.0625 0.0625 0.0625 0.0625]",0.9006985369055909,0.0302104592814702,0.0914285714285733,2.454317768242773,0.2,0.9417865749814482,16,2345,1.55212548511349,1.55212548511349,0.3496503496503496,0.1497388028638024,0.2928610102011951,0.0033484437323007,0.0615806064622195,0.0649290501945203,8.674868725270544,0.0107654958393429,0.7534892859960967,20,140,4,sign_flip,"{'sign_flip', 'label_flip', 'gaussian'}","{'sign_flip', 'label_flip', 'gaussian'}"
ArvRf9BS0D83pIqC5Xk00,0.5,0.1,geometric,MH,{'geom_radius': 0.4},0.2,100,1,2026-08-03 11:34:22.454464,1.8835731499628965,0.2,1.0,0,{'test_acc': np.float64(0.7783982683982684)},0.7791774891774892,0.0,0.0016495174900424,0.0777770180132068,0.9222229819867932,"[0.0625 0.0625 0.0625 0.0625 0.0625 0.0625 0.0625 0.0625 0.0625 0.0625
 0.0625 0.0625 0.0625 0.0625 0.0625 0.0625]",0.9461451256654232,0.0270323831663536,0.0914285714285738,2.078612513354687,0.2,0.9417865749814482,16,2345,1.5716842907175486,1.571684290717548,0.2853535353535353,0.1597281191031197,0.2960128502997304,0.0028483496190517,0.0821109346351793,0.0849592842542311,7.222233174866339,0.0062362928406572,0.8777271204639793,20,140,4,sign_flip,"{'sign_flip', 'label_flip', 'gaussian'}","{'sign_flip', 'label_flip', 'gaussian'}"
wrr8qWCt6BTnlOqbmLRWy,0.5,0.1,geometric,MH,{'geom_radius': 0.4},0.2,100,1,2026-08-03 11:34:34.412643,1.8835731499628965,0.4,0.0,0,{'test_acc': np.float64(0.8646753246753247)},0.8654978354978355,0.0,0.0359510515343086,0.1194234387195495,0.8805765612804505,"[0.0625 0.0625 0.0625 0.0625 0.0625 0.0625 0.0625 0.0625 0.0625 0.0625
 0.0625 0.0625 0.0625 0.0625 0.0625 0.0625]",0.9160066691373892,0.0415083433762761,0.1371428571428575,2.1234578988141566,0.2,0.9417865749814482,16,2345,1.5678230499066752,1.5678230499066752,0.3333333333333333,0.1362432706182706,0.2997891088950429,0.0022638143910598,0.0,0.0022638143910598,0.0,0.0093733464008745,0.8607859867057446,20,140,4,sign_flip,"{'sign_flip', 'label_flip', 'gaussian'}","{'sign_flip', 'label_flip', 'gaussian'}"
skO8JLnvcB_YMXWXPC6IC,0.5,0.1,geometric,MH,{'geom_radius': 0.4},0.2,100,1,2026-08-03 11:34:46.451277,1.8835731499628965,0.4,0.2,0,{'test_acc': np.float64(0.8580952380952381)},0.8596536796536797,0.0,0.0044294632786158,0.1455857429958421,0.8544142570041579,"[0.0625 0.0625 0.0625 0.0625 0.0625 0.0625 0.0625 0.0625 0.0625 0.0625
 0.0625 0.0625 0.0625 0.0625 0.0625 0.0625]",0.902340558602849,0.0401957733044562,0.1200000000000006,2.8524425400581546,0.2,0.9417865749814482,16,2345,1.5647153201150767,1.5647153201150763,0.2337662337662337,0.1505876068376068,0.3051369983175619,0.0031831593709839,0.0154824200163881,0.018665579387372,0.969390024328396,0.0085064958044035,0.6552129888616662,20,140,4,sign_flip,"{'sign_flip', 'label_flip', 'gaussian'}","{'sign_flip', 'label_flip', 'gaussian'}"
ReUssvgYxro86aZty0P-_,0.5,0.1,geometric,MH,{'geom_radius': 0.4},0.2,100,1,2026-08-03 11:34:58.464454,1.8835731499628965,0.4,0.4,0,{'test_acc': np.float64(0.8534199134199134)},0.8534199134199134,0.0,0.0032709712963673,0.1213511740315994,0.8786488259684005,"[0.0625 0.0625 0.0625 0.0625 0.0625 0.0625 0.0625 0.0625 0.0625 0.0625
 0.0625 0.0625 0.0625 0.0625 0.0625 0.0625]",0.9146830496719176,0.0420037446112808,0.1371428571428578,2.303108796917054,0.2,0.9417865749814482,16,2345,1.563895733538623,1.563895733538623,0.3076923076923077,0.1683965340215339,0.2999667707155431,0.0027575355449392,0.0346268318326747,0.037384367377614,3.358909170424756,0.0087816935522137,0.7990064205212708,20,140,4,sign_flip,"{'sign_flip', 'label_flip', 'gaussian'}","{'sign_flip', 'label_flip', 'gaussian'}"
C6Lh7MgsEAVkPbJPHWFqH,0.5,0.1,geometric,MH,{'geom_radius': 0.4},0.2,100,1,2026-08-03 11:37:53.339863,1.8835731499628965,0.0,0.0,0,{'test_acc': np.float64(0.8597835497835498)},0.8604761904761905,0.4945887445887446,0.0048300875343049,0.1298116470724745,0.8701883529275255,"[0.0625 0.0625 0.0625 0.0625 0.0625 0.0625 0.0625 0.0625 0.0625 0.0625
 0.0625 0.0625 0.0625 0.0625 0.0625 0.0625]",0.9328388676119396,0.0,0.0,1.919617428313184,0.2,0.9417865749814482,16,2345,1.5636066337756134,1.5636066337756134,0.2734487734487734,0.1653370934620935,0.2917058213555177,0.0020465004566238,0.0,0.0020465004566238,0.0,0.0112706178809235,0.9435665008621972,20,140,4,sign_flip,"{'sign_flip', 'label_flip', 'gaussian'}","{'sign_flip', 'label_flip', 'gaussian'}"
yRPI6QrSUAADWOSFKGAXV,0.5,0.1,geometric,MH,{'geom_radius': 0.4},0.2,100,1,2026-08-03 11:38:05.162348,1.8835731499628965,0.0,0.2,0,{'test_acc': np.float64(0.8574891774891775)},0.8588311688311688,0.6035497835497835,0.000801539714658,0.3475840843997756,0.6524159156002244,"[0.0625 0.0625 0.0625 0.0625 0.0625 0.0625 0.0625 0.0625 0.0625 0.0625
 0.0625 0.0625 0.0625 0.0625 0.0625 0.0625]",0.8077226724564716,0.0,0.0,2.776170243507541,0.2,0.9417865749814482,16,2345,1.5544081093622368,1.5544081093622368,0.25,0.1253749722499723,0.288101312647197,0.0031076532576576,0.0128902239744759,0.0159978772321336,1.1087024410191086,0.0208671211244248,0.6720045684090021,20,140,4,sign_flip,"{'sign_flip', 'label_flip', 'gaussian'}","{'sign_flip', 'label_flip', 'gaussian'}"
tMPo051bnGnWUlcnbjuc3,0.5,0.1,geometric,MH,{'geom_radius': 0.4},0.2,100,1,2026-08-03 11:38:17.532430,1.8835731499628965,0.0,0.4,0,{'test_acc': np.float64(0.8567965367965368)},0.8574025974025974,0.5197835497835498,0.0006372584285473,0.2340422391546863,0.7659577608453136,"[0.0625 0.0625 0.0625 0.0625 0.0625 0.0625 0.0625 0.0625 0.0625 0.0625
 0.0625 0.0625 0.0625 0.0625 0.0625 0.0625]",0.8751901283980034,0.0,0.0,1.8940287207952624,0.2,0.9417865749814482,16,2345,1.575661721095566,1.575661721095566,0.2742424242424243,0.1651310495060494,0.2886224963726553,0.0022407227419888,0.033955360867866,0.0361960836098548,2.6682975698973026,0.0205947457030831,0.9550967377565136,20,140,4,sign_flip,"{'sign_flip', 'label_flip', 'gaussian'}","{'sign_flip', 'label_flip', 'gaussian'}"
crlTt0avBRyT63Ke-9xaT,0.5,0.1,geometric,MH,{'geom_radius': 0.4},0.2,100,1,2026-08-03 11:38:31.936567,1.8835731499628965,0.0,0.6000000000000001,0,{'test_acc': np.float64(0.8425108225108225)},0.8425974025974026,0.5917316017316018,0.0003329399769446,0.3322748021551411,0.6677251978448588,"[0.0625 0.0625 0.0625 0.0625 0.0625 0.0625 0.0625 0.0625 0.0625 0.0625
 0.0625 0.0625 0.0625 0.0625 0.0625 0.0625]",0.8171445391391041,0.0,0.0,1.8449291643909744,0.2,0.9417865749814482,16,2345,1.5618350441052664,1.5618350441052664,0.2833333333333333,0.1494023337773337,0.2726389412594483,0.0023012442668842,0.0460816742800834,0.0483829185469677,4.272200072726966,0.0300169430682747,0.9780289874224786,20,140,4,sign_flip,"{'sign_flip', 'label_flip', 'gaussian'}","{'sign_flip', 'label_flip', 'gaussian'}"
EtFNdukSS2DARLhuIU2iu,0.5,0.1,geometric,MH,{'geom_radius': 0.4},0.2,100,1,2026-08-03 11:38:45.213742,1.8835731499628965,0.0,0.8,0,{'test_acc': np.float64(0.8283982683982684)},0.8283982683982684,0.4254112554112554,0.0007657624392975,0.2737734596473202,0.7262265403526798,"[0.0625 0.0625 0.0625 0.0625 0.0625 0.0625 0.0625 0.0625 0.0625 0.0625
 0.0625 0.0625 0.0625 0.0625 0.0625 0.0625]",0.8521892632230705,0.0,0.0,2.059031083012388,0.2,0.9417865749814482,16,2345,1.559490059658775,1.5594900596587753,0.2853535353535353,0.1680614524364524,0.2941122519407155,0.0026962393626489,0.0691158601913735,0.0718120995540224,5.777786539893072,0.0221603793734208,0.8853353170037068,20,140,4,sign_flip,"{'sign_flip', 'label_flip', 'gaussian'}","{'sign_flip', 'label_flip', 'gaussian'}"
MNHnNwgQyxiZCnUQwv7lq,0.5,0.1,geometric,MH,{'geom_radius': 0.4},0.2,100,1,2026-08-03 11:38:59.293132,1.8835731499628965,0.0,1.0,0,{'test_acc': np.float64(0.7726839826839826)},0.7726839826839826,0.5025541125541125,0.0013243948840722,0.1608686932171469,0.8391313067828531,"[0.0625 0.0625 0.0625 0.0625 0.0625 0.0625 0.0625 0.0625 0.0625 0.0625
 0.0625 0.0625 0.0625 0.0625 0.0625 0.0625]",0.916041105400218,0.0,0.0,2.0113544800216148,0.2,0.9417865749814482,16,2345,1.566136113419073,1.566136113419073,0.2797619047619047,0.1530226717726723,0.2755831832670314,0.0027441949259102,0.0786638862974064,0.0814080812233167,6.9419605788299625,0.0133300465610797,0.9044230665272855,20,140,4,sign_flip,"{'sign_flip', 'label_flip', 'gaussian'}","{'sign_flip', 'label_flip', 'gaussian'}"
LZOoeC22QmaA5mmdBjqKW,0.5,0.1,geometric,MH,{'geom_radius': 0.4},0.2,100,1,2026-08-03 11:39:13.070221,1.8835731499628965,0.2,0.0,0,{'test_acc': np.float64(0.8592207792207792)},0.8596969696969697,0.5706926406926407,0.0066107964575945,0.16965411780239,0.83034588219761,"[0.0625 0.0625 0.0625 0.0625 0.0625 0.0625 0.0625 0.0625 0.0625 0.0625
 0.0625 0.0625 0.0625 0.0625 0.0625 0.0625]",0.8980721600827816,0.0238122774818567,0.0914285714285724,2.823330607871516,0.2,0.9417865749814482,16,2345,1.54949148169442,1.54949148169442,0.2435897435897435,0.1675380175380175,0.3026603033537408,0.0030099473431466,0.0,0.0030099473431466,0.0,0.0100150107187465,0.6615220957948886,20,140,4,sign_flip,"{'sign_flip', 'label_flip', 'gaussian'}","{'sign_flip', 'label_flip', 'gaussian'}"
WcCjHj2qhflLnvtWQt-kq,0.5,0.1,geometric,MH,{'geom_radius': 0.4},0.2,100,1,2026-08-03 11:39:26.075017,1.8835731499628965,0.2,0.2,0,{'test_acc': np.float64(0.8500865800865801)},0.8506060606060606,0.4416883116883117,0.0033281644988576,0.1453652131088439,0.854634786891156,"[0.0625 0.0625 0.0625 0.0625 0.0625 0.0625 0.0625 0.0625 0.0625 0.0625
 0.0625 0.0625 0.0625 0.0625 0.0625 0.0625]",0.9102804459929208,0.0260242965340854,0.0800000000000004,2.237871891093085,0.2,0.9417865749814482,16,2345,1.563709832252711,1.5637098322527112,0.2936507936507936,0.1676233488733488,0.2731376232100639,0.0025259088086084,0.0172339221421415,0.01975983095075,1.529668573197439,0.0108261494389237,0.8203876533902881,20,140,4,sign_flip,"{'sign_flip', 'label_flip', 'gaussian'}","{'sign_flip', 'label_flip', 'gaussian'}"
RAjmbmbSQ8PJ2GEGscO64,0.5,0.1,geometric,MH,{'geom_radius': 0.4},0.2,100,1,2026-08-03 11:39:39.224382,1.8835731499628965,0.2,0.4,0,{'test_acc': np.float64(0.857922077922078)},0.8580519480519481,0.5086580086580087,0.0013052951298902,0.1421499034187023,0.8578500965812976,"[0.0625 0.0625 0.0625 0.0625 0.0625 0.0625 0.0625 0.0625 0.0625 0.0625
 0.0625 0.0625 0.0625 0.0625 0.0625 0.0625]",0.9125982563413056,0.0250145191041065,0.0914285714285729,2.877618181663129,0.2,0.9417865749814482,16,2345,1.572976167869016,1.572976167869016,0.3055555555555555,0.1573156010656012,0.2727414607516263,0.0034427793928923,0.0323482956131278,0.0357910750060202,3.3124196386002995,0.0082330764799696,0.6498531922888531,20,140,4,sign_flip,"{'sign_flip', 'label_flip', 'gaussian'}","{'sign_flip', 'label_flip', 'gaussian'}"
0jwHBtKJOLs1jvXMn7hGx,0.5,0.1,geometric,MH,{'geom_radius': 0.4},0.2,100,1,2026-08-03 11:39:52.341893,1.8835731499628965,0.2,0.6000000000000001,0,{'test_acc': np.float64(0.8461904761904762)},0.8467099567099567,0.421038961038961,0.0012587798139155,0.1522375325904149,0.847762467409585,"[0.0625 0.0625 0.0625 0.0625 0.0625 0.0625 0.0625 0.0625 0.0625 0.0625
 0.0625 0.0625 0.0625 0.0625 0.0625 0.0625]",0.9063816279368796,0.0262348119480769,0.0914285714285727,2.2638538262607506,0.2,0.9417865749814482,16,2345,1.5541328733729336,1.5541328733729336,0.3075396825396825,0.1635694166944166,0.270751493047655,0.0028588366295175,0.0504513710845318,0.0533102077140493,5.0333666185722015,0.0112078446956583,0.8117364669458841,20,140,4,sign_flip,"{'sign_flip', 'label_flip', 'gaussian'}","{'sign_flip', 'label_flip', 'gaussian'}"
MG_T6ZPSN5mfZI6eTVPpp,0.5,0.1,geometric,MH,{'geom_radius': 0.4},0.2,100,1,2026-08-03 11:40:06.159298,1.8835731499628965,0.2,0.8,0,{'test_acc': np.float64(0.83004329004329)},0.8303030303030303,0.4464935064935065,0.0014776298816345,0.1585316863346576,0.8414683136653424,"[0.0625 0.0625 0.0625 0.0625 0.0625 0.0625 0.0625 0.0625 0.0625 0.0625
 0.0625 0.0625 0.0625 0.0625 0.0625 0.0625]",0.9006985369055909,0.0302104592814702,0.0914285714285733,2.454317768242773,0.2,0.9417865749814482,16,2345,1.55212548511349,1.55212548511349,0.3496503496503496,0.1497388028638024,0.2928610102011951,0.0033484437323007,0.0615806064622195,0.0649290501945203,8.674868725270544,0.0107654958393429,0.7534892859960967,20,140,4,sign_flip,"{'sign_flip', 'label_flip', 'gaussian'}","{'sign_flip', 'label_flip', 'gaussian'}"
rF-v8mtI-ngpIwTzAFlGh,0.5,0.1,geometric,MH,{'geom_radius': 0.4},0.2,100,1,2026-08-03 11:40:18.860081,1.8835731499628965,0.2,1.0,0,{'test_acc': np.float64(0.7783549783549784)},0.7792207792207793,0.4894805194805194,0.0015547790293223,0.0777770180132068,0.9222229819867932,"[0.0625 0.0625 0.0625 0.0625 0.0625 0.0625 0.0625 0.0625 0.0625 0.0625
 0.0625 0.0625 0.0625 0.0625 0.0625 0.0625]",0.9461451256654232,0.0270323831663536,0.0914285714285738,2.078612513354687,0.2,0.9417865749814482,16,2345,1.5716842907175486,1.571684290717548,0.2853535353535353,0.1597281191031197,0.2960128502997304,0.0028483496190517,0.0821109346351793,0.0849592842542311,7.222233174866339,0.0062362928406572,0.8777271204639793,20,140,4,sign_flip,"{'sign_flip', 'label_flip', 'gaussian'}","{'sign_flip', 'label_flip', 'gaussian'}"
PYi1PXZQVCYetAW05NTo4,0.5,0.1,geometric,MH,{'geom_radius': 0.4},0.2,100,1,2026-08-03 11:40:31.561084,1.8835731499628965,0.4,0.0,0,{'test_acc': np.float64(0.864978354978355)},0.8656709956709957,0.3813419913419913,0.0348874703020013,0.1194234387195495,0.8805765612804505,"[0.0625 0.0625 0.0625 0.0625 0.0625 0.0625 0.0625 0.0625 0.0625 0.0625
 0.0625 0.0625 0.0625 0.0625 0.0625 0.0625]",0.9160066691373892,0.0415083433762761,0.1371428571428575,2.1234578988141566,0.2,0.9417865749814482,16,2345,1.5678230499066752,1.5678230499066752,0.3333333333333333,0.1362432706182706,0.2997891088950429,0.0022638143910598,0.0,0.0022638143910598,0.0,0.0093733464008745,0.8607859867057446,20,140,4,sign_flip,"{'sign_flip', 'label_flip', 'gaussian'}","{'sign_flip', 'label_flip', 'gaussian'}"
HBIrBAMrI6VNlZRT1DTre,0.5,0.1,geometric,MH,{'geom_radius': 0.4},0.2,100,1,2026-08-03 11:40:44.271248,1.8835731499628965,0.4,0.2,0,{'test_acc': np.float64(0.8583549783549783)},0.8598701298701299,0.4467532467532467,0.0045316129607536,0.1455857429958421,0.8544142570041579,"[0.0625 0.0625 0.0625 0.0625 0.0625 0.0625 0.0625 0.0625 0.0625 0.0625
 0.0625 0.0625 0.0625 0.0625 0.0625 0.0625]",0.902340558602849,0.0401957733044562,0.1200000000000006,2.8524425400581546,0.2,0.9417865749814482,16,2345,1.5647153201150767,1.5647153201150763,0.2337662337662337,0.1505876068376068,0.3051369983175619,0.0031831593709839,0.0154824200163881,0.018665579387372,0.969390024328396,0.0085064958044035,0.6552129888616662,20,140,4,sign_flip,"{'sign_flip', 'label_flip', 'gaussian'}","{'sign_flip', 'label_flip', 'gaussian'}"
lRsLwfg-Fu8lYgY0rOYUo,0.5,0.1,geometric,MH,{'geom_radius': 0.4},0.2,100,1,2026-08-03 11:41:02.250489,1.8835731499628965,0.4,0.4,0,{'test_acc': np.float64(0.8532467532467533)},0.8536796536796537,0.4867965367965368,0.0023547860162223,0.1213511740315994,0.8786488259684005,"[0.0625 0.0625 0.0625 0.0625 0.0625 0.0625 0.0625 0.0625 0.0625 0.0625
 0.0625 0.0625 0.0625 0.0625 0.0625 0.0625]",0.9146830496719176,0.0420037446112808,0.1371428571428578,2.303108796917054,0.2,0.9417865749814482,16,2345,1.563895733538623,1.563895733538623,0.3076923076923077,0.1683965340215339,0.2999667707155431,0.0027575355449392,0.0346268318326747,0.037384367377614,3.358909170424756,0.0087816935522137,0.7990064205212708,20,140,4,sign_flip,"{'sign_flip', 'label_flip', 'gaussian'}","{'sign_flip', 'label_flip', 'gaussian'}"
HIH_DLUtqP8PnPnkPaTP8,0.5,0.1,geometric,MH,{'geom_radius': 0.4},0.2,100,1,2026-08-03 11:41:18.876188,1.8835731499628965,0.4,0.6000000000000001,0,{'test_acc': np.float64(0.8525541125541125)},0.8533766233766233,0.3803030303030303,0.0034939809222608,0.1114683329248905,0.8885316670751094,"[0.0625 0.0625 0.0625 0.0625 0.0625 0.0625 0.0625 0.0625 0.0625 0.0625
 0.0625 0.0625 0.0625 0.0625 0.0625 0.0625]",0.9220078929623068,0.0384331123903166,0.1200000000000029,2.244739803522528,0.2,0.9417865749814482,16,2345,1.560320448681097,1.560320448681097,0.2435897435897435,0.172765082140082,0.2794085924432336,0.0027428754364839,0.0532876832701723,0.0560305587066562,3.157724506571189,0.0082762623348721,0.8180829702687705,20,140,4,sign_flip,"{'sign_flip', 'label_flip', 'gaussian'}","{'sign_flip', 'label_flip', 'gaussian'}"
rXGjnUojv8yeovZzo84qg,0.5,0.1,geometric,MH,{'geom_radius': 0.4},0.2,100,1,2026-08-03 11:41:35.474044,1.8835731499628965,0.4,0.8,0,{'test_acc': np.float64(0.786060606060606)},0.7867099567099567,0.2851948051948051,0.0026684379731438,0.0832234412007747,0.9167765587992251,"[0.0625 0.0625 0.0625 0.0625 0.0625 0.0625 0.0625 0.0625 0.0625 0.0625
 0.0625 0.0625 0.0625 0.0625 0.0625 0.0625]",0.935510752708185,0.0415961903665904,0.1200000000000024,2.4351932171790494,0.2,0.9417865749814482,16,2345,1.5446282352283154,1.5446282352283154,0.3532467532467532,0.1678262709512714,0.2816420726595178,0.0033298214234292,0.0690191409829309,0.0723489624063602,8.854240933322474,0.0056958821319033,0.7589576304924547,20,140,4,sign_flip,"{'sign_flip', 'label_flip', 'gaussian'}","{'sign_flip', 'label_flip', 'gaussian'}"
qHBhfm_urJ2bbSvmsAL1m,0.5,0.1,geometric,MH,{'geom_radius': 0.4},0.2,100,1,2026-08-03 11:41:51.458893,1.8835731499628965,0.4,1.0,0,{'test_acc': np.float64(0.839047619047619)},0.8392640692640693,0.552943722943723,0.0016350195455894,0.0776710691815917,0.9223289308184084,"[0.0625 0.0625 0.0625 0.0625 0.0625 0.0625 0.0625 0.0625 0.0625 0.0625
 0.0625 0.0625 0.0625 0.0625 0.0625 0.0625]",0.9393862028101576,0.0398824927883219,0.1371428571428585,2.2440416774048275,0.2,0.9417865749814482,16,2345,1.566907998643573,1.5669079986435726,0.3021978021978022,0.179763986013986,0.2895921729481824,0.0031153370366277,0.0924107100755649,0.0955260471121927,8.100048023385591,0.0057686888471263,0.8183166508533818,20,140,4,sign_flip,"{'sign_flip', 'label_flip', 'gaussian'}","{'sign_flip', 'label_flip', 'gaussian'}"
VlEtUhT6XAf69dQBuQ_2f,0.5,0.1,geometric,MH,{'geom_radius': 0.4},0.2,100,1,2026-08-03 11:42:08.219983,1.8835731499628965,0.6000000000000001,0.0,0,{'test_acc': np.float64(0.8662770562770563)},0.8663636363636363,0.3702597402597402,0.1794570240448614,0.0604509849519246,0.9395490150480752,"[0.0625 0.0625 0.0625 0.0625 0.0625 0.0625 0.0625 0.0625 0.0625 0.0625
 0.0625 0.0625 0.0625 0.0625 0.0625 0.0625]",0.947873587799098,0.0410846766009407,0.1200000000000033,2.240121977405232,0.2,0.9417865749814482,16,2345,1.5724756451296762,1.572475645129676,0.3441558441558441,0.1495851370851371,0.3027047564330928,0.0023881897413701,0.0,0.0023881897413701,0.0,0.0044975962292572,0.8196311571795902,20,140,4,sign_flip,"{'sign_flip', 'label_flip', 'gaussian'}","{'sign_flip', 'label_flip', 'gaussian'}"
IyKYX4ynQ6mBCdk7qNsgB,0.5,0.1,geometric,MH,{'geom_radius': 0.4},0.2,100,1,2026-08-03 11:42:20.765347,1.8835731499628965,0.6000000000000001,0.2,0,{'test_acc': np.float64(0.8638095238095238)},0.8643290043290043,0.5191774891774892,0.0369655812918046,0.0686798494224136,0.9313201505775864,"[0.0625 0.0625 0.0625 0.0625 0.0625 0.0625 0.0625 0.0625 0.0625 0.0625
 0.0625 0.0625 0.0625 0.0625 0.0625 0.0625]",0.9430877074050952,0.0419057267189877,0.1371428571428584,2.525698249441936,0.2,0.9417865749814482,16,2345,1.5636117588801008,1.5636117588801008,0.3159090909090909,0.1615332584082585,0.2845619409469903,0.0028627680778468,0.0166077793904342,0.019470547468281,1.770350401895058,0.00453207012078,0.7337569374781245,20,140,4,sign_flip,"{'sign_flip', 'label_flip', 'gaussian'}","{'sign_flip', 'label_flip', 'gaussian'}"
U4-73CDzEUdnyMky-7BdF,0.5,0.1,geometric,MH,{'geom_radius': 0.4},0.2,100,1,2026-08-03 11:42:32.566083,1.8835731499628965,0.6000000000000001,0.4,0,{'test_acc': np.float64(0.8571861471861472)},0.8574458874458875,0.4058008658008658,0.0656592841704016,0.0590874375543226,0.9409125624456772,"[0.0625 0.0625 0.0625 0.0625 0.0625 0.0625 0.0625 0.0625 0.0625 0.0625
 0.0625 0.0625 0.0625 0.0625 0.0625 0.0625]",0.9513231131377584,0.0358968968555612,0.13714285714286,2.4243713308039787,0.2,0.9417865749814482,16,2345,1.557044269045084,1.5570442690450836,0.2651515151515151,0.183556374181374,0.282024926712359,0.0028587437350373,0.0377441004800086,0.0406028442150459,2.4943259692349087,0.004062045336837,0.76208727649349,20,140,4,sign_flip,"{'sign_flip', 'label_flip', 'gaussian'}","{'sign_flip', 'label_flip', 'gaussian'}"
WfzLJPfcBPK1c47TzW5Rz,0.5,0.1,geometric,MH,{'geom_radius': 0.4},0.2,100,1,2026-08-03 11:42:44.959626,1.8835731499628965,0.6000000000000001,0.6000000000000001,0,{'test_acc': np.float64(0.8474891774891775)},0.8478787878787879,0.359004329004329,0.0196687140259282,0.054014149460341,0.945985850539659,"[0.0625 0.0625 0.0625 0.0625 0.0625 0.0625 0.0625 0.0625 0.0625 0.0625
 0.0625 0.0625 0.0625 0.0625 0.0625 0.0625]",0.9520464419178624,0.0395934229711974,0.1200000000000131,2.0142581716320245,0.2,0.9417865749814482,16,2345,1.561521337851024,1.5615213378510235,0.3075396825396825,0.1610892579642569,0.2903300253047843,0.0025436426042921,0.0496863906195248,0.0522300332238169,5.0333666185722015,0.004469316977424,0.9032370414719504,20,140,4,sign_flip,"{'sign_flip', 'label_flip', 'gaussian'}","{'sign_flip', 'label_flip', 'gaussian'}"
_P5o9ZbMRELgsLbYqfOvP,0.5,0.1,geometric,MH,{'geom_radius': 0.4},0.2,100,1,2026-08-03 11:42:57.321882,1.8835731499628965,0.6000000000000001,0.8,0,{'test_acc': np.float64(0.8338528138528138)},0.8341991341991342,0.3913852813852814,0.03729719355492,0.0668446996594737,0.9331553003405264,"[0.0625 0.0625 0.0625 0.0625 0.0625 0.0625 0.0625 0.0625 0.0625 0.0625
 0.0625 0.0625 0.0625 0.0625 0.0625 0.0625]",0.9446344045132712,0.0408211421503837,0.1371428571428594,2.546730114880284,0.2,0.9417865749814482,16,2345,1.550076420039881,1.550076420039881,0.2818181818181818,0.1515938922188922,0.285464823913659,0.0033271876282793,0.0623435184485798,0.0656707060768592,5.635507019209857,0.0043745441307206,0.7281385197493893,20,140,4,sign_flip,"{'sign_flip', 'label_flip', 'gaussian'}","{'sign_flip', 'label_flip', 'gaussian'}"
a3ouKMZYS-nMJAoY7Xuft,0.5,0.1,geometric,MH,{'geom_radius': 0.4},0.2,100,1,2026-08-03 11:43:16.714848,1.8835731499628965,0.6000000000000001,1.0,0,{'test_acc': np.float64(0.8466666666666667)},0.8472727272727273,0.3737229437229437,0.0114085644755025,0.0273859997904328,0.9726140002095672,"[0.0625 0.0625 0.0625 0.0625 0.0625 0.0625 0.0625 0.0625 0.0625 0.0625
 0.0625 0.0625 0.0625 0.0625 0.0625 0.0625]",0.9654184140365036,0.0405812860488091,0.1371428571428601,2.472580303547069,0.2,0.9417865749814482,16,2345,1.5675644728079818,1.5675644728079816,0.3246753246753247,0.1617108585858589,0.2977389348687629,0.0034918615313294,0.0831301953200227,0.0866220568513522,9.349826623537767,0.0018459798016904,0.7483404698244557,20,140,4,sign_flip,"{'sign_flip', 'label_flip', 'gaussian'}","{'sign_flip', 'label_flip', 'gaussian'}"
bYJZ7cVC0iADGG35A_B3f,0.5,0.1,geometric,MH,{'geom_radius': 0.4},0.2,100,1,2026-08-03 11:43:30.229381,1.8835731499628965,0.8,0.0,0,{'test_acc': np.float64(0.8637229437229437)},0.8642424242424243,0.4631168831168831,0.6317706446586182,0.032470992204296,0.967529007795704,"[0.0625 0.0625 0.0625 0.0625 0.0625 0.0625 0.0625 0.0625 0.0625 0.0625
 0.0625 0.0625 0.0625 0.0625 0.0625 0.0625]",0.9694593356198328,0.0276776043752564,0.0800000000000022,1.9765009845160435,0.2,0.9417865749814482,16,2345,1.5688600535208954,1.5688600535208954,0.3365800865800866,0.1363102175602175,0.2838098607766161,0.0021071439067335,0.0,0.0021071439067335,0.0,0.0027380871937053,0.918906085606348,20,140,4,sign_flip,"{'sign_flip', 'label_flip', 'gaussian'}","{'sign_flip', 'label_flip', 'gaussian'}"
wJcJWm9qZC7c-98XN6dCb,0.5,0.1,geometric,MH,{'geom_radius': 0.4},0.2,100,1,2026-08-03 11:43:42.242328,1.8835731499628965,0.8,0.2,0,{'test_acc': np.float64(0.854978354978355)},0.8551082251082252,0.4463636363636363,0.4244212849910276,0.0121258735054439,0.987874126494556,"[0.0625 0.0625 0.0625 0.0625 0.0625 0.0625 0.0625 0.0625 0.0625 0.0625
 0.0625 0.0625 0.0625 0.0625 0.0625 0.0625]",0.9800890875346404,0.0272995069900721,0.0914285714285723,2.175100032713823,0.2,0.9417865749814482,16,2345,1.5566619642695785,1.5566619642695785,0.3420745920745921,0.1560338966588966,0.2965338252395392,0.0024775152707848,0.016042371451403,0.0185198867221879,2.0757575290262134,0.000929142976037,0.8420697959886648,20,140,4,sign_flip,"{'sign_flip', 'label_flip', 'gaussian'}","{'sign_flip', 'label_flip', 'gaussian'}"
Fw03qexAL0nE3bdKppOKQ,0.5,0.1,geometric,MH,{'geom_radius': 0.4},0.2,100,1,2026-08-03 11:43:54.817572,1.8835731499628965,0.8,0.4,0,{'test_acc': np.float64(0.8623376623376623)},0.8625108225108226,0.4688311688311688,0.2124601987862328,0.0178781988420706,0.9821218011579294,"[0.0625 0.0625 0.0625 0.0625 0.0625 0.0625 0.0625 0.0625 0.0625 0.0625
 0.0625 0.0625 0.0625 0.0625 0.0625 0.0625]",0.977511537860832,0.0265929945068806,0.0800000000000022,1.994568410836072,0.2,0.9417865749814482,16,2345,1.55667523545154,1.55667523545154,0.2909090909090909,0.1646162864912862,0.2807264930287368,0.0023738418380565,0.033849511822638,0.0362233536606945,3.002476164240839,0.0014939070481732,0.9113409224905652,20,140,4,sign_flip,"{'sign_flip', 'label_flip', 'gaussian'}","{'sign_flip', 'label_flip', 'gaussian'}"
b7hMAd2z1yDpsA7n3qUwW,0.5,0.1,geometric,MH,{'geom_radius': 0.4},0.2,100,1,2026-08-03 11:44:08.091044,1.8835731499628965,0.8,0.6000000000000001,0,{'test_acc': np.float64(0.8546753246753247)},0.8552380952380952,0.5353246753246753,0.3135654753031137,0.0185091606029373,0.9814908393970626,"[0.0625 0.0625 0.0625 0.0625 0.0625 0.0625 0.0625 0.0625 0.0625 0.0625
 0.0625 0.0625 0.0625 0.0625 0.0625 0.0625]",0.9761889118252164,0.0285460478265627,0.0800000000000061,2.2805416308342608,0.2,0.9417865749814482,16,2345,1.5592420151748188,1.5592420151748188,0.4047619047619047,0.1386724386724402,0.2692080216299123,0.0030217350271486,0.0427721441088875,0.0457938791360362,8.718775658626459,0.0013526874751069,0.806275522708061,20,140,4,sign_flip,"{'sign_flip', 'label_flip', 'gaussian'}","{'sign_flip', 'label_flip', 'gaussian'}"
WmFXs3RuDAj5w0X-vJ6Zw,0.5,0.1,geometric,MH,{'geom_radius': 0.4},0.2,100,1,2026-08-03 11:44:20.959577,1.8835731499628965,0.8,0.8,0,{'test_acc': np.float64(0.8479653679653679)},0.8483549783549783,0.3837662337662337,0.2479295714694738,0.0252504660829716,0.9747495339170285,"[0.0625 0.0625 0.0625 0.0625 0.0625 0.0625 0.0625 0.0625 0.0625 0.0625
 0.0625 0.0625 0.0625 0.0625 0.0625 0.0625]",0.9720089204451252,0.0299481924921305,0.0914285714285739,2.404740150893314,0.2,0.9417865749814482,16,2345,1.5549979865216803,1.5549979865216808,0.4242424242424242,0.1244789932289924,0.286379047953096,0.0034337893218803,0.0511924213914022,0.0546262107132825,12.770948962482734,0.0017500481340012,0.7678309098564344,20,140,4,sign_flip,"{'sign_flip', 'label_flip', 'gaussian'}","{'sign_flip', 'label_flip', 'gaussian'}"
UkqCZ9Ps-8nQmVwj5ubtH,0.5,0.1,geometric,MH,{'geom_radius': 0.4},0.2,100,1,2026-08-03 11:44:34.163831,1.8835731499628965,0.8,1.0,0,{'test_acc': np.float64(0.8408658008658009)},0.8409090909090909,0.38116883116883116,0.049273844984534826,0.03407707237255786,0.9659229276274421,"[0.0625 0.0625 0.0625 0.0625 0.0625 0.0625 0.0625 0.0625 0.0625 0.0625
 0.0625 0.0625 0.0625 0.0625 0.0625 0.0625]",0.9696119804566464,0.02577553498238206,0.09142857142857454,2.4525926233660336,0.2,0.9417865749814482,16,2345,1.566283111545459,1.5662831115454587,0.2361111111111111,0.1527566183816184,0.2901893768571695,0.0032320650242770818,0.07852711706275345,0.08175918208703054,4.944676010100653,0.002315717664639386,0.7539793266340612,20,140,4,sign_flip,"{'sign_flip', 'label_flip', 'gaussian'}","{'sign_flip', 'label_flip', 'gaussian'}"
