alg,k,test_acc,test_acc_pi,C_pi,C_unif,mean_test_acc,min_test_acc,max_test_acc,min_train_loss,max_train_loss,rho2_k,gamma_k,beta_k,byz_w_k
RDSGD,0,0.6867532467532468,0.6867532467532468,0.05825477599951423,0.05825477599951423,0.49284271284271275,0.34679653679653677,0.6583982683982684,1.87749854094526,2.2283772556835557,0.01653938267332852,0.0,0.9285714285714064,0.22379953379953385
RDSGD,1,0.7078787878787879,0.7078787878787879,0.08564223919008612,0.08564223919008615,0.5899653679653679,0.41385281385281386,0.7028138528138528,1.718493192311627,2.1180294081807074,0.012093494091023607,0.0,0.8333333333333135,0.20268065268065275
RDSGD,2,0.7351948051948052,0.7351948051948052,0.09229716991469018,0.09229716991469016,0.6484761904761905,0.4844155844155844,0.7483982683982684,1.6797065742923596,2.0135251048208245,0.00989513466023921,0.0,0.690476190476174,0.16808080808080808
RDSGD,3,0.7510822510822511,0.7510822510822511,0.0928590841026293,0.09285908410262933,0.6915209235209236,0.534069264069264,0.777012987012987,1.5785608315768491,1.9491368477515754,0.008410577853576068,0.0,0.6190476190476043,0.15073038073038086
RDSGD,4,0.7658441558441559,0.7658441558441559,0.08706261119107869,0.08706261119107873,0.7170937950937951,0.5806060606060606,0.7952813852813853,1.520893171486429,1.8997955344941508,0.006979847314219432,0.0,0.6666666666666508,0.16345765345765356
RDSGD,5,0.7757575757575758,0.7757575757575758,0.08073987737752651,0.08073987737752655,0.7366897546897547,0.6268831168831169,0.8068398268398268,1.5436392594879529,1.8505808112595938,0.006093943822865891,0.028571428571428165,0.6428571428571275,0.15679098679098688
RDSGD,6,0.7821645021645022,0.7821645021645022,0.07082866966992023,0.07082866966992026,0.7512352092352094,0.6484848484848484,0.8108658008658008,1.5521520912184894,1.822136532524115,0.005475244337772271,0.014285714285714082,0.7142857142856972,0.17567987567987575
RDSGD,7,0.7813419913419913,0.7813419913419913,0.056952495623381484,0.0569524956233815,0.7602222222222221,0.672987012987013,0.8154545454545454,1.546369566293509,1.80385128576715,0.005117459607306272,0.0,0.7857142857142669,0.18995337995338005
RDSGD,8,0.7777922077922078,0.7777922077922078,0.04910721326962605,0.049107213269626054,0.7623578643578643,0.6846320346320346,0.814935064935065,1.5396329159985573,1.8142326330674092,0.004480833489916643,0.014285714285714082,0.7619047619047438,0.18439782439782448
RDSGD,9,0.7796969696969697,0.7796969696969697,0.04115945759432293,0.04115945759432294,0.7679278499278499,0.7014718614718615,0.8053679653679654,1.5255008842704556,1.793494943441836,0.003959013263370388,0.0,0.8095238095237902,0.19372183372183382
RDSGD,10,0.7777922077922078,0.7777922077922078,0.037153482480960745,0.037153482480960745,0.7687590187590188,0.7049783549783549,0.8071428571428572,1.5025210464318142,1.7844031717856719,0.0029732284343959225,0.0,0.7380952380952205,0.1783372183372184
RDSGD,11,0.7785714285714286,0.7785714285714286,0.033865753130739085,0.033865753130739105,0.7692554112554113,0.7133333333333334,0.8036363636363636,1.4900989481166869,1.7718404458832269,0.0029548084455285864,0.0,0.7857142857142669,0.19167055167055175
RDSGD,12,0.7803896103896104,0.7803896103896104,0.029441046783440904,0.029441046783440915,0.7732784992784992,0.7282683982683983,0.808961038961039,1.4961619985406036,1.767062677865497,0.0025850687886635596,0.0,0.7619047619047438,0.1826107226107227
RDSGD,13,0.7820346320346321,0.7820346320346321,0.028127259594709308,0.028127259594709315,0.774958152958153,0.7262337662337662,0.8096969696969697,1.4837554787691132,1.7642554725154251,0.00170357643721926,0.0,0.6428571428571275,0.15432012432012435
RDSGD,14,0.7806060606060606,0.7806060606060606,0.028342014190848926,0.028342014190848933,0.7749927849927851,0.7263636363636363,0.812034632034632,1.4694630004155034,1.7599055133504227,0.002216987481439247,0.0,0.7142857142856972,0.17227661227661242
RDSGD,15,0.7823376623376623,0.7823376623376623,0.02715504646742756,0.027155046467427564,0.7769264069264069,0.7347186147186148,0.8156277056277056,1.482707772665657,1.7451219966257925,0.0016120046921550427,0.0,0.6428571428571275,0.15585858585858595
RDSGD,16,0.7835064935064935,0.7835064935064935,0.026119716488206532,0.026119716488206532,0.7785714285714286,0.7361038961038961,0.8204761904761905,1.4711431107633093,1.7261564440737933,0.0014810500302403307,0.0,0.6666666666666508,0.1614141414141415
RDSGD,17,0.7879220779220779,0.7879220779220779,0.02436527585876348,0.02436527585876349,0.7832813852813855,0.7411688311688311,0.8258008658008658,1.4748638651022485,1.716531942580299,0.0015600146549920827,0.0,0.690476190476174,0.16919191919191923
RDSGD,18,0.7878354978354979,0.7878354978354979,0.022507444341114118,0.022507444341114125,0.783948051948052,0.745108225108225,0.8161904761904762,1.4587232423052239,1.7323729029075547,0.0014070748022483855,0.0,0.6666666666666508,0.16262626262626276
RDSGD,19,0.7887445887445887,0.7887445887445887,0.02039983671064366,0.020399836710643673,0.7846608946608947,0.7429437229437229,0.8207359307359308,1.4648213927260545,1.7235149332226791,0.00113230097622594,0.0,0.6428571428571275,0.15432012432012443
RDSGD,20,0.7912987012987013,0.7912987012987013,0.017525682270024844,0.01752568227002485,0.7874025974025974,0.7516883116883117,0.8228138528138528,1.4695764116177732,1.7130321707329805,0.0011841794451256482,0.0,0.7142857142856972,0.17296037296037303
RDSGD,21,0.7929004329004329,0.7929004329004329,0.017429941321463995,0.017429941321464002,0.7891139971139973,0.754891774891775,0.8225541125541126,1.4559140951842844,1.7098657804581516,0.000949611119001646,0.0,0.7142857142856972,0.17124320124320142
RDSGD,22,0.791991341991342,0.791991341991342,0.015688260244764062,0.01568826024476407,0.7894718614718617,0.7587878787878788,0.8185281385281385,1.4621617169194536,1.722586572886241,0.0008790645340789053,0.0,0.6666666666666508,0.15808857808857818
RDSGD,23,0.7926406926406926,0.7926406926406926,0.014987294064666819,0.014987294064666824,0.789809523809524,0.7593939393939394,0.8212987012987013,1.4644304856759227,1.7165335345222434,0.0010301913975441607,0.0,0.7619047619047438,0.18662004662004672
RDSGD,24,0.7937229437229437,0.7937229437229437,0.012957714846658492,0.012957714846658502,0.7913621933621934,0.7631601731601731,0.8227705627705628,1.4765407975429075,1.7106006763381791,0.0009490350086958573,0.0,0.8095238095237902,0.19594405594405603
RDSGD,25,0.7947186147186147,0.7947186147186147,0.011676946378512975,0.01167694637851298,0.7922164502164503,0.7664502164502165,0.814069264069264,1.4787815385327747,1.7302666304191403,0.0008782471340646893,0.0,0.7619047619047438,0.18714840714840722
RDSGD,26,0.7945454545454546,0.7945454545454546,0.01032629538755381,0.010326295387553815,0.7925396825396827,0.7682251082251083,0.8167099567099567,1.4823824987463274,1.7229616351015822,0.0008773022256636418,0.0,0.8571428571428367,0.20644910644910652
RDSGD,27,0.7957142857142857,0.7957142857142857,0.01106071112202764,0.011060711122027648,0.7937460317460318,0.7706926406926407,0.8176190476190476,1.4763699172156481,1.7139700830965734,0.0005033337178426376,0.0,0.6190476190476043,0.14937062937062948
RDSGD,28,0.7954978354978355,0.7954978354978355,0.010018320913529399,0.010018320913529402,0.7943549783549785,0.7732900432900432,0.8191774891774892,1.4806652843920478,1.7107360509085023,0.0007203862010213076,0.0,0.7619047619047438,0.18354312354312363
RDSGD,29,0.7955844155844156,0.7955844155844156,0.009267028416444818,0.009267028416444823,0.7946493506493506,0.7750216450216451,0.8183116883116883,1.4821091278789427,1.7135306700131252,0.0006566145771226392,0.0,0.7619047619047438,0.18518259518259528
RDSGD,30,0.7952813852813853,0.7952813852813853,0.00848388772113153,0.008483887721131535,0.7947099567099567,0.7776190476190477,0.8174458874458874,1.484740133180861,1.7140349065893243,0.000686001009784519,0.0,0.8095238095237902,0.196876456876457
RDSGD,31,0.7965800865800866,0.7965800865800866,0.009034025688905507,0.009034025688905512,0.7951688311688313,0.7766666666666666,0.8170995670995671,1.4711065444490987,1.7136353262765458,0.0004547330251621384,0.0,0.6428571428571275,0.1555322455322456
RDSGD,32,0.7976190476190477,0.7976190476190477,0.008332330499123497,0.008332330499123498,0.7960808080808082,0.7784848484848484,0.8192640692640693,1.4784944477041542,1.712907259006887,0.0005873151841961972,0.0,0.7619047619047438,0.1850038850038851
RDSGD,33,0.7978354978354978,0.7978354978354978,0.006899616941838398,0.0068996169418384,0.797125541125541,0.7795238095238095,0.8172727272727273,1.4821317149680744,1.7193117394301949,0.0006681272171859007,0.0,0.88095238095236,0.21293706293706305
RDSGD,34,0.7976190476190477,0.7976190476190477,0.0059083260171085275,0.005908326017108528,0.7965425685425686,0.7802164502164503,0.8081818181818182,1.486667465997991,1.7374258167590526,0.0006302582558199104,0.0,0.8571428571428367,0.20909867909867916
RDSGD,35,0.7979220779220779,0.7979220779220779,0.006102801661028959,0.0061028016610289604,0.7967907647907649,0.7794372294372295,0.8125541125541126,1.4861732632115927,1.7266792614211046,0.0004738895569076471,0.0,0.7380952380952205,0.17790986790986799
RDSGD,36,0.7980952380952381,0.7980952380952381,0.005639970478444751,0.0056399704784447545,0.7970966810966811,0.7804761904761904,0.8124242424242424,1.4878122827554086,1.7259735220569241,0.0005037829908813831,0.0,0.8095238095237902,0.1967987567987569
RDSGD,37,0.7976190476190477,0.7976190476190477,0.005298384476089324,0.005298384476089325,0.797113997113997,0.7807792207792208,0.8093073593073593,1.486515583943924,1.7340085330429549,0.00043551079577452295,0.0,0.7619047619047438,0.1824320124320125
RDSGD,38,0.7976190476190477,0.7976190476190477,0.004762877278219694,0.004762877278219698,0.796969696969697,0.7824675324675324,0.8082251082251082,1.4872345622954444,1.735728081133326,0.00046061325550552604,0.0,0.88095238095236,0.21157731157731163
RDSGD,39,0.7974891774891775,0.7974891774891775,0.004517109906146429,0.0045171099061464305,0.7968311688311689,0.7829437229437229,0.8073593073593074,1.4859555210761952,1.7365318985088678,0.000460493832817775,0.0,0.88095238095236,0.2140481740481742
RDSGD,40,0.7968831168831169,0.7968831168831169,0.004245744100959327,0.004245744100959329,0.7965339105339105,0.7823376623376623,0.8057575757575758,1.4849702925219401,1.7426438516391713,0.0004375414625362076,0.0,0.9047619047618832,0.21874902874902885
RDSGD,41,0.7966233766233767,0.7966233766233767,0.003990680261843523,0.003990680261843525,0.7963145743145742,0.7823376623376623,0.8051082251082251,1.4859613084821521,1.742761774495667,0.00044863413601726494,0.0,0.9047619047618832,0.21885003885003895
RDSGD,42,0.7974458874458874,0.7974458874458874,0.0038113366937150223,0.003811336693715023,0.7965050505050505,0.7814718614718614,0.8047186147186147,1.486631315943145,1.7447418796365608,0.0003959320520002056,0.0,0.88095238095236,0.21200466200466206
RDSGD,43,0.7972727272727272,0.7972727272727272,0.003487327332520288,0.0034873273325202897,0.7968888888888889,0.7840259740259741,0.8041125541125541,1.4872180989225159,1.7443628532792017,0.0003916732193746146,0.0,0.9523809523809297,0.2300388500388501
RDSGD,44,0.7957142857142857,0.7957142857142857,0.003303510714858967,0.0033035107148589675,0.7957258297258298,0.7851515151515152,0.804069264069264,1.4879992449796313,1.7458364125513373,0.0003707063959138211,0.0,0.9047619047618832,0.2188500388500389
RDSGD,45,0.7958008658008658,0.7958008658008658,0.003200236477460001,0.003200236477460002,0.7958441558441558,0.7855411255411255,0.8041125541125541,1.4878538296633719,1.748806796218429,0.000342047020500119,0.0,0.8571428571428367,0.20909867909867919
RDSGD,46,0.7965367965367965,0.7965367965367965,0.002964235034893516,0.0029642350348935173,0.796135642135642,0.7864502164502164,0.8037229437229437,1.4866060260781662,1.744889150030467,0.0003608673063655125,0.0,0.9285714285714064,0.22533799533799545
RDSGD,47,0.795974025974026,0.795974025974026,0.0028975059788794765,0.002897505978879477,0.7952380952380954,0.7853246753246753,0.802987012987013,1.485688320465453,1.7471721834475182,0.0003668086970526451,0.0,0.9999999999999761,0.24165501165501177
RDSGD,48,0.7958874458874459,0.7958874458874459,0.002818493907463077,0.002818493907463078,0.795082251082251,0.7856277056277057,0.8032467532467532,1.4844529936327882,1.7470461559454493,0.0003247205334859616,0.0,0.9047619047618832,0.21773892773892778
RDSGD,49,0.795974025974026,0.795974025974026,0.002865893900910953,0.002865893900910954,0.7949350649350649,0.7839393939393939,0.8027705627705628,1.482936318858141,1.7493796829282418,0.0002907841068806756,0.0,0.88095238095236,0.21508158508158515
RDSGD,50,0.7955411255411255,0.7955411255411255,0.002726358479128662,0.0027263584791286624,0.7947243867243867,0.7838961038961039,0.8026406926406926,1.4813728447182228,1.7497524953931953,0.0003469868588723396,0.0,0.9285714285714064,0.223877233877234
RDSGD,51,0.7951948051948052,0.7951948051948052,0.002648960356784696,0.002648960356784698,0.7943116883116882,0.7837229437229437,0.8015151515151515,1.4817185084947988,1.7511667847043915,0.00031650604556280926,0.0,0.9047619047618832,0.21927738927738932
RDSGD,52,0.7943722943722944,0.7943722943722944,0.0024259350623224906,0.0024259350623224915,0.7941789321789322,0.7848484848484848,0.8016017316017316,1.4810499970872484,1.7516262057332426,0.00030876320401373016,0.0,0.9523809523809297,0.2300388500388501
RDSGD,53,0.793939393939394,0.793939393939394,0.002436312434958908,0.0024363124349589087,0.79397113997114,0.784069264069264,0.802034632034632,1.481344738557612,1.751820085070693,0.00027695571455379857,0.0,0.9047619047618832,0.21978243978243983
RDSGD,54,0.7937229437229437,0.7937229437229437,0.0022925516063821124,0.0022925516063821132,0.7938585858585859,0.7865800865800866,0.8016450216450216,1.4793250283086983,1.7529552435055096,0.0002756999038885006,0.0,0.9285714285714064,0.224910644910645
RDSGD,55,0.7938528138528138,0.7938528138528138,0.00215410296906363,0.0021541029690636303,0.7933766233766233,0.7848051948051948,0.800995670995671,1.4785525001919662,1.7527779392749323,0.00027876869536906944,0.0,0.9761904761904528,0.23652680652680666
RDSGD,56,0.7932034632034632,0.7932034632034632,0.0021805306315824655,0.002180530631582466,0.792911976911977,0.7838528138528138,0.7996969696969697,1.4787458578132018,1.7545909483636188,0.0002306769619064198,0.0,0.88095238095236,0.2141491841491842
RDSGD,57,0.7923809523809524,0.7923809523809524,0.002104681683298952,0.002104681683298953,0.79197113997114,0.7828138528138529,0.7991774891774892,1.477775394064571,1.755080761163247,0.00026048382769197067,0.0,0.9761904761904528,0.23559440559440567
RDSGD,58,0.7925541125541126,0.7925541125541126,0.002015677844705047,0.0020156778447050477,0.791800865800866,0.7841558441558442,0.7992640692640692,1.4778631293239064,1.7556037162770295,0.00022047840437958952,0.0,0.9285714285714064,0.224910644910645
RDSGD,59,0.7925541125541126,0.7925541125541126,0.00201764481908075,0.00201764481908075,0.7917546897546898,0.784069264069264,0.7990909090909091,1.4772638613318234,1.7562640337912765,0.00021183794790466515,0.014285714285714082,0.8571428571428367,0.20859362859362862
RDSGD,60,0.7922943722943723,0.7922943722943723,0.002053432786890153,0.0020534327868901537,0.7918989898989898,0.7847186147186147,0.7986580086580086,1.4770983601019434,1.7564776196752427,0.00020856737032594485,0.014285714285714082,0.88095238095236,0.21414918414918424
RDSGD,61,0.7921645021645022,0.7921645021645022,0.0019622096411551415,0.001962209641155142,0.7915873015873015,0.7845021645021645,0.7975324675324675,1.4761146805059855,1.7572457133283923,0.00024279160355174497,0.014285714285714082,0.9047619047618832,0.22071484071484082
RDSGD,62,0.7914718614718614,0.7914718614718614,0.0018685187439176781,0.0018685187439176788,0.791012987012987,0.7848484848484848,0.7967965367965368,1.476270985728387,1.7579060088171492,0.0002057277799835801,0.0,0.8571428571428367,0.20859362859362868
RDSGD,63,0.791038961038961,0.791038961038961,0.0017341242514772525,0.0017341242514772532,0.7908744588744587,0.7832467532467533,0.7964935064935065,1.4758001264523106,1.7582550341701393,0.0002383235830041606,0.0,0.9761904761904528,0.2360994560994562
RDSGD,64,0.7915151515151515,0.7915151515151515,0.0017668379438681027,0.0017668379438681033,0.7907330447330447,0.7827705627705628,0.7962770562770562,1.4753477123156042,1.7589962772001988,0.00019185791307400836,0.014285714285714082,0.9285714285714064,0.22533799533799545
RDSGD,65,0.7914718614718614,0.7914718614718614,0.0015889598912547892,0.0015889598912547896,0.790929292929293,0.7848917748917749,0.7965800865800866,1.473606578985388,1.7589910270961737,0.00019773559478267937,0.0,0.9047619047618832,0.2207148407148408
RDSGD,66,0.7912121212121213,0.7912121212121213,0.001528590086764918,0.0015285900867649188,0.7908427128427128,0.7835064935064935,0.7961038961038961,1.474287181897489,1.7596846189706876,0.00018736584130961496,0.0,0.9523809523809297,0.23097125097125107
RDSGD,67,0.7911688311688312,0.7911688311688312,0.0016180516924469,0.0016180516924469003,0.7908398268398268,0.7826839826839826,0.7963636363636364,1.4736546158540564,1.760863237129792,0.00017955254504085683,0.0,0.8571428571428367,0.20952602952602958
RDSGD,68,0.7908225108225109,0.7908225108225109,0.0014878517887676585,0.0014878517887676591,0.7905425685425684,0.7831168831168831,0.7958441558441558,1.4738635472256068,1.7621384444449668,0.00020031214915025689,0.0,0.9999999999999761,0.24165501165501177
RDSGD,69,0.7911688311688312,0.7911688311688312,0.001462351658580683,0.0014623516585806837,0.7907388167388166,0.7838528138528138,0.7967099567099567,1.4726324795760848,1.7615876504289816,0.00016471001221463497,0.0,0.88095238095236,0.21465423465423475
RDSGD,70,0.791082251082251,0.791082251082251,0.0014523436306048986,0.0014523436306048988,0.7905916305916307,0.7831168831168831,0.7963636363636364,1.472478473949045,1.7627899915665304,0.0001794884964850737,0.0,0.88095238095236,0.2137218337218338
RDSGD,71,0.7913419913419913,0.7913419913419913,0.0015019689795566756,0.0015019689795566756,0.7907272727272727,0.7828571428571428,0.7966233766233767,1.472881003953431,1.7631330400398901,0.00015677089378776066,0.0,0.88095238095236,0.21218337218337222
RDSGD,72,0.791082251082251,0.791082251082251,0.0015006439657148695,0.0015006439657148701,0.7906551226551226,0.7835930735930736,0.7965800865800866,1.4724849983078312,1.7634712049642496,0.00015088687089013868,0.014285714285714082,0.88095238095236,0.2137218337218338
RDSGD,73,0.7906493506493506,0.7906493506493506,0.0014785072661282874,0.0014785072661282876,0.7904761904761904,0.7834632034632034,0.7961038961038961,1.472569357230469,1.764587247379989,0.00015297401241590408,0.014285714285714082,0.88095238095236,0.2131157731157732
RDSGD,74,0.790995670995671,0.790995670995671,0.0014954951437442102,0.0014954951437442102,0.7905512265512266,0.7841991341991342,0.7956277056277056,1.472006715935202,1.7632331369637126,0.00014882840840930653,0.014285714285714082,0.8571428571428367,0.2090209790209791
RDSGD,75,0.7916883116883117,0.7916883116883117,0.0013443935868250718,0.0013443935868250724,0.7910707070707071,0.784978354978355,0.7959307359307359,1.4718259159804568,1.7638833931197238,0.0001500604070854527,0.0,0.8571428571428367,0.2095260295260296
RDSGD,76,0.7912987012987013,0.7912987012987013,0.0012123904049155055,0.0012123904049155063,0.7910764790764789,0.7841991341991342,0.7964502164502164,1.4718407143019352,1.764369625093095,0.00015367968681503634,0.0,0.9047619047618832,0.21978243978243983
RDSGD,77,0.7911688311688312,0.7911688311688312,0.0012070028381063558,0.001207002838106356,0.7909898989898991,0.7848917748917749,0.7968831168831169,1.471982381534365,1.765133603347481,0.00013177256758624718,0.0,0.88095238095236,0.2137218337218338
RDSGD,78,0.7914718614718614,0.7914718614718614,0.0013161296387252874,0.0013161296387252878,0.7909812409812409,0.7843722943722944,0.7966233766233767,1.4714439228788811,1.7654303358962915,0.00013326840291817557,0.014285714285714082,0.8333333333333135,0.2043978243978245
RDSGD,79,0.791038961038961,0.791038961038961,0.0012819716619935175,0.0012819716619935178,0.7908167388167388,0.7838095238095238,0.7962337662337662,1.4712362997334416,1.7659184231738059,0.00012409396128217482,0.0,0.8095238095237902,0.1983372183372184
RDSGD,80,0.791038961038961,0.791038961038961,0.0012703485301812807,0.0012703485301812814,0.7910620490620489,0.7844588744588744,0.7962770562770562,1.4712048189063762,1.765785649071762,0.00012934466246222292,0.028571428571428165,0.8571428571428367,0.20859362859362862
RDSGD,81,0.7907359307359307,0.7907359307359307,0.0011716201413152587,0.0011716201413152594,0.791021645021645,0.7852380952380953,0.7964502164502164,1.4714614672976012,1.765347043186856,0.0001509435322645085,0.0,0.9523809523809297,0.23139860139860152
RDSGD,82,0.7909090909090909,0.7909090909090909,0.001159499590502957,0.0011594995905029573,0.790836940836941,0.7841125541125541,0.7956709956709956,1.4712149607953449,1.7671004797817,0.0001319811326267909,0.0,0.88095238095236,0.21508158508158515
RDSGD,83,0.7912554112554112,0.7912554112554112,0.0011576369388947073,0.0011576369388947075,0.791073593073593,0.7852380952380953,0.7958441558441558,1.4712637482134099,1.7669953667813405,0.00011404540833456368,0.0,0.8095238095237902,0.19969696969696976
RDSGD,84,0.7917316017316017,0.7917316017316017,0.0010528357682303951,0.0010528357682303955,0.7911313131313131,0.7855411255411255,0.7961471861471862,1.4715917910614453,1.767026705238026,0.00015254365443506942,0.0,0.9523809523809297,0.2300388500388501
RDSGD,85,0.7921645021645022,0.7921645021645022,0.0010349823237342977,0.0010349823237342979,0.7915526695526693,0.7861038961038961,0.795974025974026,1.4705576034028551,1.767941807139362,0.00011144897260483611,0.0,0.8571428571428367,0.2095260295260296
RDSGD,86,0.792077922077922,0.792077922077922,0.0009916565911945987,0.0009916565911945992,0.7915497835497836,0.7853679653679654,0.7959307359307359,1.471227311893274,1.767185145277891,0.00011930197691985078,0.0,0.9047619047618832,0.22071484071484082
RDSGD,87,0.791948051948052,0.791948051948052,0.0010365068727460802,0.0010365068727460807,0.7917200577200577,0.7867099567099567,0.7962337662337662,1.4713996917515568,1.7680655888772123,0.0001002537829171494,0.014285714285714082,0.8095238095237902,0.1983372183372184
RDSGD,88,0.7916017316017316,0.7916017316017316,0.000985518166632861,0.0009855181666328613,0.7917200577200578,0.7866233766233767,0.795974025974026,1.4715351653615103,1.76725218713561,0.00011597349005791221,0.014285714285714082,0.9047619047618832,0.2188500388500389
RDSGD,89,0.7914285714285715,0.7914285714285715,0.0009743464657837049,0.0009743464657837055,0.7914199134199132,0.7858441558441558,0.7963636363636364,1.470566697460446,1.7677676689992483,0.00010236363437866868,0.0,0.8095238095237902,0.19926961926961934
RDSGD,90,0.7908225108225109,0.7908225108225109,0.0009091513295361235,0.0009091513295361238,0.7909264069264068,0.7855411255411255,0.7956709956709956,1.470512115037388,1.7688736442381288,0.0001163915712929518,0.0,0.9047619047618832,0.2188500388500389
RDSGD,91,0.790952380952381,0.790952380952381,0.0009054943657559349,0.0009054943657559353,0.790969696969697,0.7863203463203463,0.7954545454545454,1.46996338380218,1.7691211469655317,0.00011038212819686557,0.014285714285714082,0.9523809523809297,0.23139860139860152
RDSGD,92,0.790995670995671,0.790995670995671,0.0008834670871110911,0.0008834670871110914,0.7911168831168831,0.7857142857142857,0.7961471861471862,1.4695115754568062,1.7688279618716596,0.00010159753751161041,0.014285714285714082,0.8571428571428367,0.20766122766122774
RDSGD,93,0.7911255411255411,0.7911255411255411,0.0008138273944521615,0.000813827394452162,0.7911746031746032,0.7866666666666666,0.7958008658008658,1.4699698823193232,1.7688370120208148,0.00010551036751751333,0.014285714285714082,0.9285714285714064,0.224910644910645
RDSGD,94,0.7912121212121213,0.7912121212121213,0.0008705965946675612,0.0008705965946675614,0.7911601731601732,0.7866666666666666,0.7946320346320346,1.4697838356726582,1.768927642048443,9.317245358771763e-05,0.014285714285714082,0.88095238095236,0.21372183372183376
RDSGD,95,0.791082251082251,0.791082251082251,0.0008794611683898308,0.0008794611683898309,0.7910909090909092,0.784978354978355,0.7950216450216451,1.4700590974494225,1.768123730910884,9.257664315428977e-05,0.0,0.88095238095236,0.21372183372183376
RDSGD,96,0.7911255411255411,0.7911255411255411,0.0009084980940546103,0.0009084980940546107,0.7911601731601732,0.7844588744588744,0.7952813852813853,1.4694409013130771,1.7685041477917343,9.343603697316771e-05,0.014285714285714082,0.8571428571428367,0.20859362859362865
RDSGD,97,0.7912987012987013,0.7912987012987013,0.0009013250663425816,0.0009013250663425818,0.7913621933621934,0.7850216450216451,0.7956277056277056,1.4692233156040533,1.7681108453075753,8.523041876327645e-05,0.014285714285714082,0.8333333333333135,0.20253302253302263
RDSGD,98,0.790952380952381,0.790952380952381,0.0008199891550811162,0.0008199891550811163,0.7911861471861471,0.7851515151515152,0.7950216450216451,1.4695357656295522,1.7686599034293533,9.310963485870259e-05,0.0,0.88095238095236,0.21465423465423478
RDSGD,99,0.7914285714285715,0.7914285714285715,0.000770530468857834,0.0007705304688578342,0.791099567099567,0.784978354978355,0.7949350649350649,1.4687777990955633,1.7692865526919825,9.25805163405887e-05,0.0,0.9523809523809297,0.2309712509712511
RDSGD,100,0.7914285714285715,0.7914285714285715,0.0007600144725456276,0.0007600144725456278,0.7913852813852813,0.7865367965367965,0.7950216450216451,1.4686579603621013,1.7697863557188542,9.091273962792847e-05,0.0,0.9047619047618832,0.2188500388500389
RDSGD,101,0.7913419913419913,0.7913419913419913,0.0007261562925460194,0.0007261562925460195,0.7912727272727273,0.7863636363636364,0.7949350649350649,1.4683086954190447,1.769937113115227,8.763328965008786e-05,0.0,0.9047619047618832,0.2197824397824399
RDSGD,102,0.7912987012987013,0.7912987012987013,0.000743040087829589,0.0007430400878295892,0.7908802308802309,0.786060606060606,0.7946320346320346,1.4681913777588456,1.7703311149316892,8.523496983250271e-05,0.0,0.9047619047618832,0.2188500388500389
RDSGD,103,0.7912554112554112,0.7912554112554112,0.00080433892597526,0.0008043389259752606,0.7909177489177489,0.7853679653679654,0.7947619047619048,1.467591676615024,1.7704765168251484,8.177716667019747e-05,0.014285714285714082,0.88095238095236,0.21508158508158517
RDSGD,104,0.7912554112554112,0.7912554112554112,0.0008022625187233501,0.0008022625187233505,0.7908340548340548,0.7861471861471861,0.7941991341991342,1.4675923965516833,1.771010155831731,8.001350704982827e-05,0.028571428571428165,0.88095238095236,0.21465423465423472
RDSGD,105,0.790995670995671,0.790995670995671,0.000832897388736408,0.0008328973887364083,0.7908369408369409,0.785974025974026,0.793939393939394,1.4666823903824209,1.770397388187616,7.812083663439339e-05,0.028571428571428165,0.8333333333333135,0.201926961926962
RDSGD,106,0.7907359307359307,0.7907359307359307,0.0008031244973961666,0.0008031244973961668,0.7907474747474749,0.7861471861471861,0.7943290043290043,1.4668400994406525,1.7702865899523146,7.778864242483338e-05,0.014285714285714082,0.8095238095237902,0.1983372183372184
RDSGD,107,0.7908225108225109,0.7908225108225109,0.0007242181598064685,0.0007242181598064688,0.7907157287157287,0.7872727272727272,0.7940259740259741,1.4669698090023826,1.7706508408311958,7.733851768790183e-05,0.0,0.8095238095237902,0.19679875679875686
RDSGD,108,0.7908225108225109,0.7908225108225109,0.0006875619285157442,0.0006875619285157443,0.7905887445887446,0.7867099567099567,0.7937229437229437,1.4663448665964651,1.7706177674616979,9.11446401777475e-05,0.0,0.9523809523809297,0.23139860139860152
RDSGD,109,0.7906926406926407,0.7906926406926407,0.0006622998889848643,0.0006622998889848647,0.7907157287157288,0.7867099567099567,0.7937229437229437,1.467478310252036,1.7712369756035795,7.245634233065888e-05,0.0,0.9047619047618832,0.21927738927738935
RDSGD,110,0.7912121212121213,0.7912121212121213,0.0006383633570639117,0.000638363357063912,0.7909033189033188,0.786060606060606,0.7938528138528138,1.4671412564168078,1.7703367687152882,6.567280273307164e-05,0.0,0.8571428571428367,0.20952602952602958
RDSGD,111,0.7916017316017316,0.7916017316017316,0.0006469892287959052,0.0006469892287959054,0.7912409812409813,0.7874891774891775,0.7942857142857143,1.4665612752143282,1.769786761336666,6.447165373227666e-05,0.0,0.8333333333333135,0.20389277389277394
RDSGD,112,0.7914718614718614,0.7914718614718614,0.0006223566239053435,0.0006223566239053435,0.7913795093795094,0.7877922077922078,0.7945454545454546,1.4670606883307813,1.7698590150627145,7.127913802302108e-05,0.0,0.88095238095236,0.2137218337218338
RDSGD,113,0.7916883116883117,0.7916883116883117,0.0007152696568079135,0.0007152696568079138,0.7915584415584416,0.788008658008658,0.7944588744588744,1.4664818450866892,1.7703907498139702,5.283210970577198e-05,0.014285714285714082,0.7380952380952205,0.18141414141414147
RDSGD,114,0.7918181818181819,0.7918181818181819,0.0006042547733115197,0.00060425477331152,0.7915959595959595,0.7893939393939394,0.7943290043290043,1.467494803243697,1.7702399649717198,8.129000257944122e-05,0.0,0.9285714285714064,0.224910644910645
RDSGD,115,0.791991341991342,0.791991341991342,0.0005814528452364764,0.0005814528452364765,0.7918181818181818,0.7887878787878788,0.7941558441558442,1.467344245561066,1.7698995971749498,5.8503708956671586e-05,0.0,0.8333333333333135,0.20192696192696197
RDSGD,116,0.7919047619047619,0.7919047619047619,0.0005643551838109237,0.000564355183810924,0.7918643578643578,0.7878787878787878,0.7946753246753246,1.4677545765985716,1.7700365354428884,6.410603086321936e-05,0.0,0.9047619047618832,0.21927738927738932
RDSGD,117,0.792034632034632,0.792034632034632,0.0005425380783279795,0.0005425380783279797,0.792063492063492,0.7889177489177489,0.7948917748917749,1.4674566972153322,1.7691937897113998,6.225861965078537e-05,0.0,0.88095238095236,0.21465423465423478
RDSGD,118,0.791948051948052,0.791948051948052,0.000601571135891229,0.000601571135891229,0.7923059163059162,0.7886147186147187,0.7954112554112555,1.4683383647543518,1.769164801628373,5.655053766118759e-05,0.014285714285714082,0.8095238095237902,0.1983372183372184
RDSGD,119,0.7923809523809524,0.7923809523809524,0.0005671166567212113,0.0005671166567212115,0.7923030303030303,0.7888311688311689,0.7955411255411255,1.4685148683574498,1.7685134158904492,6.095830690573938e-05,0.0,0.9047619047618832,0.2202097902097903
RDSGD,120,0.7923376623376623,0.7923376623376623,0.0005718493452264044,0.0005718493452264044,0.7922943722943722,0.7885714285714286,0.795974025974026,1.4689680392802542,1.7688095868943663,6.48720816048702e-05,0.014285714285714082,0.9047619047618832,0.21927738927738932
RDSGD,121,0.7922943722943723,0.7922943722943723,0.0005614014293579872,0.0005614014293579873,0.7925974025974027,0.7882683982683982,0.7955411255411255,1.4687332787715548,1.7686367181262281,5.611531744178774e-05,0.0,0.8571428571428367,0.20859362859362868
RDSGD,122,0.7924675324675324,0.7924675324675324,0.0005455042711858707,0.0005455042711858708,0.7925165945165945,0.7886147186147187,0.7956709956709956,1.468446891121548,1.7691145536067152,5.535224790576114e-05,0.0,0.8333333333333135,0.2034654234654235
RDSGD,123,0.7925108225108225,0.7925108225108225,0.0005929262238571832,0.0005929262238571834,0.7926320346320347,0.7887012987012987,0.7959307359307359,1.4680387529419017,1.7694801860555094,5.0884696071187305e-05,0.014285714285714082,0.7619047619047438,0.18808080808080815
RDSGD,124,0.7925108225108225,0.7925108225108225,0.0005564245948566743,0.0005564245948566745,0.7926522366522365,0.7882683982683982,0.7963636363636364,1.4689095432200214,1.768383882087074,6.280257618806144e-05,0.0,0.88095238095236,0.2137218337218338
RDSGD,125,0.7922077922077922,0.7922077922077922,0.000528553822884756,0.0005285538228847562,0.7926176046176046,0.7884848484848485,0.7958874458874459,1.4680613476069353,1.7689077518316068,5.9122948351920574e-05,0.0,0.9047619047618832,0.2197824397824399
RDSGD,126,0.7924242424242425,0.7924242424242425,0.0005345604727930985,0.0005345604727930987,0.7923088023088023,0.7880952380952381,0.794978354978355,1.468060079761294,1.7693444796733209,5.9774182712922876e-05,0.014285714285714082,0.9047619047618832,0.21978243978243986
RDSGD,127,0.791948051948052,0.791948051948052,0.0005471474186429601,0.0005471474186429602,0.7922481962481964,0.7884848484848485,0.7955411255411255,1.4677594207883597,1.7695175981199642,4.98105754584188e-05,0.014285714285714082,0.8095238095237902,0.19833721833721843
RDSGD,128,0.7922510822510822,0.7922510822510822,0.0005569356479889964,0.0005569356479889967,0.7923722943722944,0.7884415584415584,0.7951948051948052,1.4683546374093481,1.7700306898322098,4.879319012038637e-05,0.014285714285714082,0.8095238095237902,0.19773115773115782
RDSGD,129,0.7921212121212121,0.7921212121212121,0.0005212390765977793,0.0005212390765977796,0.7922828282828285,0.7889177489177489,0.7951082251082251,1.4669834620128355,1.7704232160947513,4.935568784809112e-05,0.0,0.8095238095237902,0.1977311577311578
RDSGD,130,0.791991341991342,0.791991341991342,0.0004909974334141338,0.0004909974334141339,0.7922655122655122,0.7887878787878788,0.795064935064935,1.4671020255738174,1.7702242192705566,5.348360869108334e-05,0.0,0.88095238095236,0.21508158508158515
RDSGD,131,0.792034632034632,0.792034632034632,0.0004779178107412812,0.00047791781074128136,0.7922020202020202,0.789004329004329,0.7954545454545454,1.4672756644373086,1.7707877331284114,4.8849128851128985e-05,0.0,0.8571428571428367,0.2095260295260296
RDSGD,132,0.7921645021645022,0.7921645021645022,0.0004902512079398279,0.0004902512079398281,0.7922164502164502,0.7888744588744588,0.7952380952380952,1.466923355515296,1.7700235730605054,5.081494630735064e-05,0.014285714285714082,0.8333333333333135,0.20192696192696197
RDSGD,133,0.7922943722943723,0.7922943722943723,0.00046332889283698923,0.00046332889283698945,0.7923549783549785,0.7890909090909091,0.7954978354978355,1.4675011339848083,1.7703808258541156,5.1740380522770475e-05,0.0,0.88095238095236,0.2137218337218338
RDSGD,134,0.792034632034632,0.792034632034632,0.00048098345972124787,0.00048098345972124803,0.7923867243867245,0.7895238095238095,0.7955844155844156,1.4675130358622066,1.770920796363008,5.004762044403951e-05,0.014285714285714082,0.8571428571428367,0.2095260295260296
RDSGD,135,0.791991341991342,0.791991341991342,0.00047268940783045543,0.0004726894078304556,0.7924069264069264,0.7887012987012987,0.7956709956709956,1.4674171764338988,1.7713920152770353,4.513093688837272e-05,0.0,0.8333333333333135,0.2034654234654235
RDSGD,136,0.7921645021645022,0.7921645021645022,0.0004698685909669554,0.0004698685909669556,0.7922943722943724,0.7894805194805194,0.7954978354978355,1.467277603580334,1.7709924986927676,4.959916971418723e-05,0.014285714285714082,0.8571428571428367,0.20859362859362868
RDSGD,137,0.7921212121212121,0.7921212121212121,0.0005029901130948996,0.0005029901130948998,0.7924646464646465,0.7900865800865801,0.7955411255411255,1.4675758270995107,1.7710180199090502,4.938736789690115e-05,0.028571428571428165,0.8571428571428367,0.20859362859362862
RDSGD,138,0.7921212121212121,0.7921212121212121,0.0005016696601780738,0.000501669660178074,0.7922770562770562,0.7892207792207793,0.795974025974026,1.4674943638875708,1.7708156966281798,4.417878646917618e-05,0.014285714285714082,0.8333333333333135,0.2043978243978245
RDSGD,139,0.7925541125541126,0.7925541125541126,0.0004443748657417038,0.000444374865741704,0.7924935064935065,0.78995670995671,0.7952380952380952,1.4675925618155834,1.771154881026139,5.031471303147442e-05,0.0,0.9047619047618832,0.2197824397824399
RDSGD,140,0.7921645021645022,0.7921645021645022,0.00044389586322501315,0.00044389586322501326,0.7924963924963926,0.7894805194805194,0.7954545454545454,1.4672256868744955,1.7707001757729324,4.381468371091275e-05,0.014285714285714082,0.88095238095236,0.21465423465423475
RDSGD,141,0.7921645021645022,0.7921645021645022,0.0004590326547936998,0.0004590326547937,0.7922914862914864,0.7901731601731602,0.7952380952380952,1.4674267704805808,1.7715898396172838,4.482504820084141e-05,0.014285714285714082,0.8571428571428367,0.20952602952602964
RDSGD,142,0.792077922077922,0.792077922077922,0.00041562931875605263,0.00041562931875605274,0.7920692640692641,0.7894372294372294,0.7950216450216451,1.467432824214649,1.7715226150926193,4.832188106062796e-05,0.0,0.8571428571428367,0.2095260295260296
RDSGD,143,0.7922510822510822,0.7922510822510822,0.0004247139416515634,0.00042471394165156343,0.7922770562770562,0.7891341991341991,0.7949350649350649,1.467301211250828,1.7709589099884215,3.925498751825794e-05,0.0,0.8571428571428367,0.20859362859362865
RDSGD,144,0.7924242424242425,0.7924242424242425,0.0004273297903635388,0.00042732979036353894,0.7924646464646464,0.7895670995670996,0.7945887445887446,1.4670859759864352,1.7713340046451929,4.4203961251053226e-05,0.0,0.8333333333333135,0.2034654234654235
RDSGD,145,0.7923809523809524,0.7923809523809524,0.00042796268642595876,0.00042796268642595904,0.7924531024531024,0.7893073593073593,0.7952813852813853,1.4676995110432978,1.7710300261334835,4.139553893997174e-05,0.0,0.8333333333333135,0.2034654234654235
RDSGD,146,0.7922943722943723,0.7922943722943723,0.00042554589829494087,0.000425545898294941,0.7922395382395384,0.7885714285714286,0.7948917748917749,1.4673184476942016,1.7713778076857296,4.6310277355713126e-05,0.014285714285714082,0.9047619047618832,0.21927738927738932
RDSGD,147,0.7924242424242425,0.7924242424242425,0.00045671908350021246,0.00045671908350021246,0.7924559884559884,0.789004329004329,0.7953679653679654,1.4676265609055617,1.7712268504025523,3.560096086385628e-05,0.014285714285714082,0.7380952380952205,0.17987567987567996
RDSGD,148,0.7925108225108225,0.7925108225108225,0.0003976118782090936,0.0003976118782090937,0.7924906204906205,0.7892640692640692,0.7951948051948052,1.4680826115235157,1.7707316597687375,4.730350934203698e-05,0.0,0.9523809523809297,0.23046620046620056
RDSGD,149,0.7926839826839827,0.7926839826839827,0.0003923596449872412,0.00039235964498724124,0.7926666666666669,0.7902164502164503,0.795064935064935,1.4676982083955779,1.7708922269547525,3.733818818616192e-05,0.014285714285714082,0.8333333333333135,0.2034654234654235
RDSGD,150,0.7928138528138529,0.7928138528138529,0.0003624167403363164,0.0003624167403363165,0.7927849927849927,0.78995670995671,0.7951082251082251,1.4678931381196434,1.7712592966472658,4.2340442294277407e-05,0.0,0.9047619047618832,0.22071484071484082
RDSGD,151,0.7929004329004329,0.7929004329004329,0.00036426670919964755,0.00036426670919964766,0.7927070707070706,0.7902597402597402,0.7954978354978355,1.46778271807645,1.7716025382946967,3.577993906221529e-05,0.014285714285714082,0.88095238095236,0.2146542346542347
RDSGD,152,0.7931601731601732,0.7931601731601732,0.0003672403697559452,0.0003672403697559454,0.7930043290043292,0.7908225108225109,0.7958008658008658,1.4681221954974157,1.7710069927002055,3.9396612788518164e-05,0.014285714285714082,0.88095238095236,0.21465423465423478
RDSGD,153,0.792943722943723,0.792943722943723,0.00034289142468167194,0.0003428914246816721,0.7928253968253969,0.7903463203463204,0.7948051948051948,1.4677421847937393,1.7719215904313195,4.096753341581612e-05,0.0,0.9285714285714064,0.22533799533799542
RDSGD,154,0.7929004329004329,0.7929004329004329,0.0003715551907033396,0.0003715551907033398,0.792929292929293,0.7906493506493506,0.7951948051948052,1.4679872099381432,1.7711111841584797,3.520548952407439e-05,0.014285714285714082,0.9047619047618832,0.21960372960372973
RDSGD,155,0.7928138528138529,0.7928138528138529,0.0003688371309187377,0.00036883713091873777,0.7928080808080809,0.7907792207792208,0.794978354978355,1.4675273946037612,1.771208625703815,3.5450157943525217e-05,0.014285714285714082,0.8333333333333135,0.20389277389277397
RDSGD,156,0.7928138528138529,0.7928138528138529,0.00035815343523198966,0.0003581534352319898,0.7928427128427128,0.7907792207792208,0.7950216450216451,1.4673728979683385,1.7717107068505213,4.1992966533246986e-05,0.0,0.9047619047618832,0.22020979020979028
RDSGD,157,0.7925974025974026,0.7925974025974026,0.00035428966659764344,0.00035428966659764344,0.7928629148629148,0.7906060606060606,0.7953246753246753,1.467031875204256,1.771723059877588,3.570498218186777e-05,0.014285714285714082,0.8571428571428367,0.2095260295260296
RDSGD,158,0.7927272727272727,0.7927272727272727,0.00036246889254802964,0.00036246889254802975,0.7929292929292929,0.7903030303030303,0.7954545454545454,1.4677771299482794,1.7717465744137637,3.578601309347191e-05,0.014285714285714082,0.88095238095236,0.21372183372183376
RDSGD,159,0.7926839826839827,0.7926839826839827,0.00034728529581056085,0.00034728529581056107,0.7927417027417027,0.790952380952381,0.7952380952380952,1.4674125251416985,1.7720637055232633,3.847891409025547e-05,0.014285714285714082,0.88095238095236,0.2137218337218338
RDSGD,160,0.792987012987013,0.792987012987013,0.0003416352560895272,0.00034163525608952737,0.7928484848484847,0.790952380952381,0.7951948051948052,1.4672115171318425,1.771800794808384,3.757510842876242e-05,0.014285714285714082,0.9047619047618832,0.21867132867132877
RDSGD,161,0.7928571428571428,0.7928571428571428,0.000331348438631019,0.0003313484386310191,0.7929235209235209,0.790952380952381,0.7950216450216451,1.466926667209438,1.772432907638909,3.269775026592489e-05,0.014285714285714082,0.8333333333333135,0.2034654234654235
RDSGD,162,0.7928571428571428,0.7928571428571428,0.000326136981106788,0.0003261369811067881,0.7928225108225107,0.7907359307359307,0.7951515151515152,1.46717929482389,1.772430755361939,3.6631513020438436e-05,0.014285714285714082,0.9047619047618832,0.2191763791763793
RDSGD,163,0.7929004329004329,0.7929004329004329,0.00035363578594617,0.00035363578594617016,0.7927936507936505,0.79004329004329,0.7943290043290043,1.4671399967981489,1.7723814048904536,2.9656648232684594e-05,0.014285714285714082,0.7857142857142669,0.19167055167055172
RDSGD,164,0.793073593073593,0.793073593073593,0.0003268153182588629,0.00032681531825886294,0.792998556998557,0.790995670995671,0.7948917748917749,1.4671238631810044,1.7721750992380103,3.052489400836863e-05,0.0,0.7857142857142669,0.1907381507381508
RDSGD,165,0.792987012987013,0.792987012987013,0.00032470495018968034,0.00032470495018968045,0.7928225108225109,0.7905194805194805,0.795064935064935,1.4676081108138188,1.7720010552368133,3.80919504038402e-05,0.014285714285714082,0.9285714285714064,0.2244055944055945
RDSGD,166,0.792943722943723,0.792943722943723,0.0003194502560501257,0.0003194502560501257,0.7929668109668111,0.7906926406926407,0.794978354978355,1.467027627879252,1.7724533478899445,3.231580017895254e-05,0.0,0.8095238095237902,0.19619269619269628
RDSGD,167,0.793073593073593,0.793073593073593,0.0003038190095453305,0.0003038190095453306,0.7930360750360751,0.7907792207792208,0.7946753246753246,1.4667272646974272,1.7720991414116007,2.913161010274661e-05,0.0,0.8095238095237902,0.19679875679875683
RDSGD,168,0.792987012987013,0.792987012987013,0.00029237851191673127,0.0002923785119167314,0.7930245310245312,0.7908225108225109,0.794978354978355,1.466948460858093,1.7719568335150504,3.151928957364799e-05,0.0,0.88095238095236,0.21465423465423472
RDSGD,169,0.7928571428571428,0.7928571428571428,0.00030036297550085493,0.000300362975500855,0.7929177489177488,0.7908225108225109,0.7947619047619048,1.4670306707442777,1.772002032533355,2.95387167375636e-05,0.0,0.8571428571428367,0.20859362859362862
RDSGD,170,0.7931168831168831,0.7931168831168831,0.00031038937590528964,0.0003103893759052898,0.7930937950937952,0.7912121212121213,0.795064935064935,1.467121834909839,1.7717997039246174,2.8253722531210296e-05,0.014285714285714082,0.8095238095237902,0.19679875679875686
RDSGD,171,0.7931601731601732,0.7931601731601732,0.0002936746471393522,0.0002936746471393522,0.7931803751803752,0.7913419913419913,0.7954112554112555,1.46708557823422,1.7719293309689377,3.132727385348751e-05,0.0,0.8571428571428367,0.20859362859362862
RDSGD,172,0.7934199134199135,0.7934199134199135,0.00031368406802613925,0.0003136840680261394,0.7933275613275613,0.7917316017316017,0.7953679653679654,1.4668627743712848,1.7721762063979951,2.625384797861848e-05,0.014285714285714082,0.7857142857142669,0.19414141414141423
RDSGD,173,0.7932467532467532,0.7932467532467532,0.0002985952485703555,0.0002985952485703556,0.7931919191919192,0.7913852813852814,0.7953679653679654,1.467073546722469,1.7728929101256723,3.217012393822993e-05,0.014285714285714082,0.88095238095236,0.21465423465423475
RDSGD,174,0.7932467532467532,0.7932467532467532,0.0003102658516539208,0.0003102658516539209,0.7931082251082251,0.791038961038961,0.7951515151515152,1.4670623823191067,1.7730361479811165,3.09724314087668e-05,0.014285714285714082,0.8571428571428367,0.20902097902097905
RDSGD,175,0.7933333333333333,0.7933333333333333,0.0003028796716016323,0.00030287967160163236,0.7930620490620491,0.7906926406926407,0.7946320346320346,1.4670521262906928,1.7726828051954477,3.07404529733646e-05,0.014285714285714082,0.8095238095237902,0.1983372183372184
RDSGD,176,0.7931601731601732,0.7931601731601732,0.0002919348136711706,0.0002919348136711707,0.7932987012987014,0.7906926406926407,0.7951082251082251,1.4669801467891592,1.772246605072405,2.724794752636122e-05,0.0,0.8095238095237902,0.1983372183372184
RDSGD,177,0.7931168831168831,0.7931168831168831,0.0002859404862681512,0.00028594048626815133,0.7933015873015872,0.7912121212121213,0.7952380952380952,1.4667361990875645,1.7722839216332638,2.863503890451672e-05,0.0,0.8333333333333135,0.20533022533022544
RDSGD,178,0.7932900432900433,0.7932900432900433,0.00027440633465512413,0.00027440633465512424,0.7932323232323231,0.7912554112554112,0.7951082251082251,1.4669465602856169,1.7728138611120987,2.7952280747038206e-05,0.0,0.8333333333333135,0.20389277389277394
RDSGD,179,0.7934632034632034,0.7934632034632034,0.0002618313293497494,0.00026183132934974953,0.7934170274170274,0.790952380952381,0.7953679653679654,1.4672311240268485,1.772698899089804,2.611734334918427e-05,0.0,0.8571428571428367,0.20902097902097908
RDSGD,180,0.7934632034632034,0.7934632034632034,0.0002502287862716623,0.0002502287862716624,0.7934170274170274,0.790952380952381,0.7954545454545454,1.4671792677129396,1.7724668619630457,3.0160850915464998e-05,0.0,0.9047619047618832,0.2197824397824399
RDSGD,181,0.7937662337662338,0.7937662337662338,0.00025642240691126615,0.00025642240691126626,0.7935526695526695,0.7912554112554112,0.7956709956709956,1.466897124111851,1.7728065104187285,2.793121605496256e-05,0.014285714285714082,0.88095238095236,0.2135431235431236
RDSGD,182,0.7937229437229437,0.7937229437229437,0.00029651702782449666,0.0002965170278244967,0.7934487734487734,0.790995670995671,0.794978354978355,1.4669752959721376,1.772237988393677,2.4537677170169374e-05,0.014285714285714082,0.7857142857142669,0.1932090132090133
RDSGD,183,0.7935497835497836,0.7935497835497836,0.00027340774399477294,0.00027340774399477305,0.7933535353535355,0.7906926406926407,0.7950216450216451,1.4668749354559587,1.772766972810457,3.077356702847604e-05,0.014285714285714082,0.9047619047618832,0.22020979020979026
RDSGD,184,0.7936363636363636,0.7936363636363636,0.0002858907323367929,0.000285890732336793,0.7934199134199134,0.7906926406926407,0.7948917748917749,1.466742649088599,1.7727085624221965,2.4422035666676627e-05,0.014285714285714082,0.8095238095237902,0.1977311577311578
RDSGD,185,0.7937662337662338,0.7937662337662338,0.0002721661125601819,0.000272166112560182,0.7935440115440116,0.7912121212121213,0.7949350649350649,1.4664906364182473,1.7724030101463981,2.3171284144707308e-05,0.0,0.8095238095237902,0.19679875679875686
RDSGD,186,0.7936796536796537,0.7936796536796537,0.0002748964852221701,0.0002748964852221702,0.7935151515151516,0.7905627705627706,0.7950216450216451,1.466675843194552,1.7722796108603842,2.6113201387694466e-05,0.014285714285714082,0.8333333333333135,0.2034654234654235
RDSGD,187,0.7938095238095239,0.7938095238095239,0.0002701483639527529,0.00027014836395275303,0.7935901875901874,0.7908225108225109,0.7954978354978355,1.4666609887603572,1.772589908649055,2.9380352186604766e-05,0.014285714285714082,0.88095238095236,0.21372183372183376
RDSGD,188,0.7937662337662338,0.7937662337662338,0.0002407373242735905,0.00024073732427359055,0.7936681096681096,0.7909090909090909,0.7953679653679654,1.4672983744461088,1.772566726440442,2.5198830992727753e-05,0.0,0.9285714285714064,0.223978243978244
RDSGD,189,0.7937229437229437,0.7937229437229437,0.00026816774350035035,0.0002681677435003504,0.7936017316017318,0.7908225108225109,0.7953246753246753,1.4667970952626812,1.7726101146416675,2.4013153791317275e-05,0.014285714285714082,0.8095238095237902,0.19926961926961934
RDSGD,190,0.7935930735930736,0.7935930735930736,0.0002768560900734196,0.00027685609007341977,0.7937316017316017,0.7911688311688312,0.7954978354978355,1.4667324647934796,1.7728515049948945,2.2023780456462338e-05,0.014285714285714082,0.7619047619047438,0.18654234654234658
RDSGD,191,0.7933333333333333,0.7933333333333333,0.0002408542172918768,0.00024085421729187686,0.7937258297258297,0.7911255411255411,0.7961904761904762,1.4666333742680444,1.7727684871450038,2.7957215492640107e-05,0.0,0.8571428571428367,0.20952602952602964
RDSGD,192,0.7935930735930736,0.7935930735930736,0.00024058827799159277,0.00024058827799159282,0.7936825396825397,0.790995670995671,0.7959307359307359,1.4672002183194475,1.7728065119386827,2.4586122327907598e-05,0.0,0.8571428571428367,0.20798756798756804
RDSGD,193,0.7935497835497836,0.7935497835497836,0.00022924712537926057,0.00022924712537926065,0.793873015873016,0.7913852813852814,0.7955844155844156,1.4669580589666662,1.773110524142103,2.4661663905422398e-05,0.0,0.8333333333333135,0.2043978243978245
RDSGD,194,0.7937229437229437,0.7937229437229437,0.00022208658062145285,0.0002220865806214529,0.7937748917748917,0.7913419913419913,0.7958874458874459,1.4670693483841926,1.7727132449133252,2.5593170325902905e-05,0.0,0.8571428571428367,0.20859362859362868
RDSGD,195,0.7938095238095239,0.7938095238095239,0.00022384605932492273,0.0002238460593249228,0.7938672438672437,0.7918614718614718,0.7958874458874459,1.4669737255221338,1.7729859236615253,2.078437253254193e-05,0.0,0.7857142857142669,0.19320901320901324
RDSGD,196,0.7937229437229437,0.7937229437229437,0.00022978592534156296,0.00022978592534156304,0.7938499278499279,0.791948051948052,0.7954978354978355,1.4672551846518949,1.7729389742312924,2.4183053552124183e-05,0.014285714285714082,0.8333333333333135,0.20439782439782447
RDSGD,197,0.7941558441558442,0.7941558441558442,0.00024751327538217267,0.0002475132753821728,0.7939393939393941,0.7923376623376623,0.7955411255411255,1.4671068648912686,1.7732090519598664,2.16700539730814e-05,0.028571428571428165,0.7857142857142669,0.1926029526029527
RDSGD,198,0.794069264069264,0.794069264069264,0.0002341817793141241,0.00023418177931412422,0.794005772005772,0.792077922077922,0.7957142857142857,1.4673209051504146,1.772699712460125,2.12953733542449e-05,0.0,0.7619047619047438,0.18808080808080815
RDSGD,199,0.7937662337662338,0.7937662337662338,0.00021662034002006443,0.00021662034002006446,0.79395670995671,0.7918614718614718,0.7958874458874459,1.4675703456276437,1.7727535154238554,2.707819043011265e-05,0.014285714285714082,0.9523809523809297,0.2313986013986015
ORACLE,0,0.742987012987013,0.742987012987013,0.08089856829909364,0.08089856829909364,0.5399047619047619,0.36818181818181817,0.6651515151515152,1.7695595974185112,2.163723031927662,,0.0,0.4523809523809416,0.10971250971250972
ORACLE,1,0.7795238095238095,0.7795238095238095,0.12734727305528057,0.12734727305528054,0.6417604617604619,0.45051948051948054,0.7215584415584415,1.474710941358122,1.9718760120210392,,0.0,0.26190476190475565,0.0639238539238539
ORACLE,2,0.7921212121212121,0.7921212121212121,0.13407219600125414,0.13407219600125414,0.6972756132756133,0.5303463203463203,0.7619047619047619,1.3808926425401709,1.9575234799942625,,0.0,0.3333333333333254,0.08074592074592073
ORACLE,3,0.7919047619047619,0.7919047619047619,0.1111703914851517,0.11117039148515173,0.7315353535353535,0.5877489177489178,0.788008658008658,1.3557616838755784,1.8781969514124133,,0.0,0.5238095238095113,0.12878010878010882
ORACLE,4,0.7989177489177489,0.7989177489177489,0.10700337614341048,0.10700337614341052,0.7487330447330448,0.6186580086580087,0.800952380952381,1.3432400050877507,1.8126087226625327,,0.0,0.42857142857141833,0.10415695415695422
ORACLE,5,0.8009090909090909,0.8009090909090909,0.09952023443163013,0.09952023443163016,0.763165945165945,0.6371861471861472,0.8214285714285714,1.3846697902931697,1.7648735391506003,,0.0,0.4523809523809416,0.10938616938616949
ORACLE,6,0.8048917748917749,0.8048917748917749,0.09449798457960903,0.09449798457960908,0.775079365079365,0.6665367965367965,0.8245887445887445,1.344983546829072,1.7641760126123571,,0.0,0.26190476190475565,0.06364413364413368
ORACLE,7,0.8061904761904762,0.8061904761904762,0.08241622919911919,0.08241622919911919,0.783085137085137,0.6995238095238095,0.8251515151515152,1.338127000802407,1.7476076813499961,,0.0,0.42857142857141833,0.10612276612276622
ORACLE,8,0.8111255411255411,0.8111255411255411,0.07895569192837226,0.07895569192837229,0.7899884559884559,0.7085714285714285,0.8282251082251082,1.32682540352983,1.7268365840542552,,0.0,0.26190476190475565,0.06256410256410257
ORACLE,9,0.8112121212121212,0.8112121212121212,0.07361903647068047,0.07361903647068048,0.7929004329004331,0.7174025974025974,0.8313419913419914,1.3311653877104979,1.7099153198058026,,0.0,0.2857142857142789,0.06905205905205913
ORACLE,10,0.8151082251082251,0.8151082251082251,0.0612921606524358,0.06129216065243582,0.7986695526695525,0.7319480519480519,0.8341558441558442,1.3402219481041104,1.6989436229480106,,0.0,0.3809523809523719,0.09357420357420362
ORACLE,11,0.8173160173160173,0.8173160173160173,0.06264121908572431,0.06264121908572433,0.8021240981240981,0.7435497835497835,0.8376623376623377,1.3492049366056895,1.6856798612729502,,0.014285714285714082,0.26190476190475565,0.06442890442890452
ORACLE,12,0.818008658008658,0.818008658008658,0.05514169638187875,0.055141696381878776,0.805021645021645,0.7503896103896104,0.8387445887445888,1.349164075809238,1.6740030256194556,,0.014285714285714082,0.3809523809523719,0.08878010878010882
ORACLE,13,0.8195670995670996,0.8195670995670996,0.04987654111777926,0.04987654111777928,0.808836940836941,0.7535064935064935,0.8396969696969697,1.3880445421561332,1.6833656128202672,,0.0,0.30952380952380215,0.07306915306915307
ORACLE,14,0.8222077922077922,0.8222077922077922,0.04592608575370649,0.04592608575370652,0.8130101010101011,0.7633333333333333,0.8399567099567099,1.409284203705835,1.682643545343707,,0.0,0.19047619047618594,0.04639471639471642
ORACLE,15,0.8221645021645022,0.8221645021645022,0.04020149243357286,0.04020149243357286,0.8143722943722944,0.7694372294372295,0.8407792207792207,1.406851084009812,1.6776897572633906,,0.0,0.3809523809523719,0.09407925407925419
ORACLE,16,0.8235930735930735,0.8235930735930735,0.037993315912922904,0.03799331591292291,0.816903318903319,0.7737662337662338,0.846017316017316,1.419715070644106,1.6656308218029263,,0.0,0.2857142857142789,0.06844599844599852
ORACLE,17,0.8234632034632035,0.8234632034632035,0.02859329224594258,0.028593292245942585,0.8184300144300144,0.7821212121212121,0.8391341991341992,1.4393505489060585,1.6834989646555232,,0.0,0.5238095238095113,0.1320357420357421
ORACLE,18,0.8241558441558442,0.8241558441558442,0.027646163406071924,0.027646163406071934,0.8194545454545455,0.7823809523809524,0.8367965367965368,1.4136969777149888,1.687617551995071,,0.0,0.4523809523809416,0.10681429681429686
ORACLE,19,0.8234632034632035,0.8234632034632035,0.02837439573159997,0.028374395731599982,0.8200000000000001,0.7864935064935065,0.8416883116883117,1.420308329896657,1.6750935128054243,,0.0,0.26190476190475565,0.06289044289044296
ORACLE,20,0.8248917748917749,0.8248917748917749,0.025727248548851434,0.02572724854885144,0.8211746031746032,0.7885281385281385,0.8432900432900433,1.4338346196775178,1.6683362181801753,,0.0,0.3571428571428486,0.0853690753690754
ORACLE,21,0.8248051948051948,0.8248051948051948,0.022229933885458523,0.02222993388545854,0.8220259740259741,0.7903030303030303,0.8375324675324676,1.4309792106801,1.6866946883981289,,0.0,0.5238095238095113,0.13003885003885013
ORACLE,22,0.8262337662337662,0.8262337662337662,0.021618733114141777,0.021618733114141784,0.823015873015873,0.7922077922077922,0.8435497835497836,1.4355863859568005,1.6690194947950299,,0.0,0.3333333333333254,0.07930846930846933
ORACLE,23,0.827012987012987,0.827012987012987,0.020503770491545642,0.020503770491545645,0.8233910533910532,0.792943722943723,0.8446320346320346,1.4240998197993198,1.6665356351795175,,0.0,0.3571428571428486,0.08597513597513595
ORACLE,24,0.8272727272727273,0.8272727272727273,0.019408849200325783,0.019408849200325783,0.8240577200577199,0.792943722943723,0.8403463203463204,1.430450018841299,1.673753184249269,,0.0,0.3571428571428486,0.08612276612276616
ORACLE,25,0.828051948051948,0.828051948051948,0.01966007561203607,0.019660075612036074,0.824940836940837,0.797965367965368,0.8406493506493506,1.4270107228401572,1.6752853714839915,,0.0,0.30952380952380215,0.07418026418026423
ORACLE,26,0.8274891774891775,0.8274891774891775,0.018723124810320513,0.018723124810320513,0.8248282828282828,0.7994805194805195,0.841038961038961,1.413455153617248,1.6774351572984019,,0.0,0.3809523809523719,0.09418026418026423
ORACLE,27,0.825974025974026,0.825974025974026,0.016523110527457037,0.01652311052745705,0.8238095238095239,0.7983116883116883,0.8384848484848485,1.4301998035160084,1.6765794156116183,,0.0,0.47619047619046484,0.11613053613053623
ORACLE,28,0.8265367965367966,0.8265367965367966,0.018203011740874877,0.018203011740874884,0.8241125541125542,0.7987445887445888,0.8373160173160173,1.428600393163067,1.6789484364436595,,0.0,0.19047619047618594,0.045967365967365996
ORACLE,29,0.8273593073593074,0.8273593073593074,0.016963465482863038,0.016963465482863045,0.8246608946608946,0.7984848484848485,0.84004329004329,1.4270738732661759,1.674372794274769,,0.0,0.3333333333333254,0.07963480963480973
ORACLE,30,0.8274458874458874,0.8274458874458874,0.014439632696030625,0.014439632696030632,0.8257258297258299,0.8036363636363636,0.8403896103896104,1.4420197542886721,1.6718261728383936,,0.0,0.3571428571428486,0.08597513597513595
ORACLE,31,0.827012987012987,0.827012987012987,0.012338922451117493,0.0123389224511175,0.8261298701298702,0.8041558441558442,0.8403030303030303,1.4514002325908677,1.6767280679594896,,0.014285714285714082,0.42857142857141833,0.1032245532245533
ORACLE,32,0.8278354978354978,0.8278354978354978,0.012571707571580755,0.012571707571580758,0.826011544011544,0.8018181818181818,0.839004329004329,1.4448632498025942,1.679276809861947,,0.0,0.3571428571428486,0.09152292152292159
ORACLE,33,0.8272727272727273,0.8272727272727273,0.012684461987656685,0.012684461987656694,0.8260432900432899,0.8027272727272727,0.8378354978354978,1.441391726751282,1.6801971914019305,,0.0,0.2857142857142789,0.06834498834498842
ORACLE,34,0.8278787878787879,0.8278787878787879,0.01252844622704121,0.012528446227041216,0.8260692640692641,0.8061471861471862,0.8384415584415584,1.44227302285982,1.6787423162553488,,0.0,0.30952380952380215,0.07450660450660455
ORACLE,35,0.827965367965368,0.827965367965368,0.012359734112428073,0.01235973411242808,0.8269090909090909,0.8073160173160173,0.8377922077922078,1.4426274967696313,1.6819250346151169,,0.0,0.3333333333333254,0.0767365967365968
ORACLE,36,0.8291774891774891,0.8291774891774891,0.012229252715405058,0.012229252715405065,0.8278383838383839,0.8075757575757576,0.8408225108225108,1.441402365348626,1.674254149408252,,0.014285714285714082,0.2857142857142789,0.06536907536907544
ORACLE,37,0.8293939393939394,0.8293939393939394,0.0111965980219741,0.011196598021974102,0.8280461760461759,0.8087878787878788,0.8394372294372294,1.4474069594903474,1.677372223678552,,0.0,0.3571428571428486,0.08476301476301484
ORACLE,38,0.8298268398268398,0.8298268398268398,0.010001683111652875,0.010001683111652879,0.8287561327561327,0.8103463203463204,0.8371428571428572,1.4436995178965595,1.6837148687145485,,0.0,0.4047619047618951,0.09920745920745927
ORACLE,39,0.8309090909090909,0.8309090909090909,0.00991985773408451,0.009919857734084514,0.8297806637806638,0.8106926406926407,0.8383982683982684,1.4368684985190667,1.6851751259632946,,0.0,0.26190476190475565,0.065034965034965
ORACLE,40,0.8303463203463204,0.8303463203463204,0.01027807086603346,0.010278070866033462,0.8294430014430014,0.8083982683982684,0.8392640692640693,1.4493990944531514,1.680999396127464,,0.0,0.2857142857142789,0.06887334887334892
ORACLE,41,0.8306926406926407,0.8306926406926407,0.010343440937718626,0.010343440937718626,0.8293160173160173,0.8107792207792208,0.8385281385281386,1.4495561358838724,1.6789899043874388,,0.0,0.26190476190475565,0.06299145299145299
ORACLE,42,0.830995670995671,0.830995670995671,0.00943924537559793,0.009439245375597935,0.8296565656565656,0.8118614718614718,0.8403030303030303,1.4550734979901723,1.6763449400963966,,0.0,0.3333333333333254,0.08271173271173274
ORACLE,43,0.831038961038961,0.831038961038961,0.009166791636055008,0.00916679163605501,0.8301847041847041,0.8117748917748918,0.8389610389610389,1.4498246115845768,1.6872125570380239,,0.0,0.3333333333333254,0.08117327117327114
ORACLE,44,0.8312121212121212,0.8312121212121212,0.008537206106108485,0.00853720610610849,0.8304877344877345,0.8147619047619048,0.8393939393939394,1.4543555517503053,1.678595369253074,,0.0,0.2857142857142789,0.06854700854700854
ORACLE,45,0.8313852813852813,0.8313852813852813,0.008513965820336545,0.008513965820336544,0.8303318903318904,0.8148917748917749,0.8377489177489178,1.4260463584307845,1.6861347198961387,,0.014285714285714082,0.3333333333333254,0.08160062160062159
ORACLE,46,0.8315151515151515,0.8315151515151515,0.008100422627376537,0.008100422627376539,0.8308427128427129,0.8138961038961039,0.8391341991341992,1.4272502120579322,1.6824760480569125,,0.0,0.4047619047618951,0.09852369852369863
ORACLE,47,0.8321212121212122,0.8321212121212122,0.007928955418173993,0.007928955418173995,0.8307561327561328,0.815930735930736,0.8377489177489178,1.4327101355497744,1.6872743008800204,,0.0,0.2857142857142789,0.06862470862470865
ORACLE,48,0.8327705627705627,0.8327705627705627,0.007145336527780502,0.007145336527780505,0.8316103896103896,0.8184415584415584,0.838008658008658,1.4479166112935036,1.6868684012908552,,0.0,0.30952380952380215,0.07483294483294486
ORACLE,49,0.8322943722943723,0.8322943722943723,0.007246506858085361,0.007246506858085365,0.8314256854256854,0.8177489177489178,0.8392640692640693,1.4477294832356074,1.6842985833847128,,0.0,0.26190476190475565,0.06578865578865586
ORACLE,50,0.8317748917748917,0.8317748917748917,0.006810997141772434,0.006810997141772435,0.8311803751803754,0.8179220779220779,0.8383982683982684,1.4494000719500513,1.6873096858704284,,0.0,0.3333333333333254,0.07777000777000778
ORACLE,51,0.8316017316017316,0.8316017316017316,0.005971160047774905,0.005971160047774908,0.8311890331890333,0.8174891774891775,0.8380952380952381,1.4573468757100683,1.6874213721957092,,0.0,0.5238095238095113,0.12560217560217568
ORACLE,52,0.8312554112554112,0.8312554112554112,0.0059252622318922525,0.005925262231892254,0.8313189033189033,0.8179220779220779,0.8378354978354978,1.4583182469788873,1.688959901714762,,0.0,0.3809523809523719,0.09442890442890443
ORACLE,53,0.8317316017316018,0.8317316017316018,0.005819244180658036,0.0058192441806580375,0.8313535353535354,0.8177922077922077,0.8377922077922078,1.4630427745019456,1.6888890121984979,,0.0,0.30952380952380215,0.07390054390054397
ORACLE,54,0.8316883116883117,0.8316883116883117,0.005406404465346301,0.005406404465346301,0.831180375180375,0.819047619047619,0.8381385281385282,1.4667855616810397,1.6909134892375595,,0.0,0.3571428571428486,0.08783993783993782
ORACLE,55,0.8323809523809523,0.8323809523809523,0.00500759836264859,0.005007598362648594,0.8316825396825396,0.8179220779220779,0.8373593073593074,1.4621899790304065,1.6924384818849436,,0.0,0.4523809523809416,0.10895881895881898
ORACLE,56,0.8325974025974026,0.8325974025974026,0.005080831596691945,0.005080831596691945,0.83188455988456,0.8184415584415584,0.8371428571428572,1.4652555070557307,1.6927750150882739,,0.0,0.30952380952380215,0.07418026418026417
ORACLE,57,0.8322510822510822,0.8322510822510822,0.005264734568082954,0.005264734568082954,0.8316825396825397,0.8177489177489178,0.8379653679653679,1.462917802364307,1.689661215803344,,0.014285714285714082,0.2857142857142789,0.06905205905205908
ORACLE,58,0.8324675324675325,0.8324675324675325,0.00496850169544356,0.004968501695443562,0.8319163059163058,0.8177922077922077,0.8392207792207792,1.4665770424115003,1.6857889766417014,,0.0,0.4047619047618951,0.10271173271173274
ORACLE,59,0.8333766233766233,0.8333766233766233,0.004740191686950927,0.004740191686950928,0.8324213564213563,0.8188744588744589,0.8383116883116883,1.4694197770776536,1.690257500153713,,0.0,0.3571428571428486,0.0905905205905206
ORACLE,60,0.8338528138528138,0.8338528138528138,0.004662822404178086,0.0046628224041780865,0.8329494949494951,0.8210822510822511,0.8408225108225108,1.4717554984176997,1.6845530172505467,,0.0,0.26190476190475565,0.06467754467754472
ORACLE,61,0.8338528138528138,0.8338528138528138,0.004979983172030886,0.004979983172030886,0.8330533910533909,0.8205627705627706,0.8406926406926407,1.4607772397886176,1.6869964768878394,,0.0,0.21428571428570917,0.05273504273504275
ORACLE,62,0.8344155844155844,0.8344155844155844,0.004463837723108364,0.004463837723108366,0.8335382395382394,0.8212554112554112,0.8398268398268398,1.455468199352233,1.6871622294526871,,0.0,0.42857142857141833,0.10794094794094791
ORACLE,63,0.8345887445887445,0.8345887445887445,0.004436555965934001,0.004436555965934001,0.8334978354978354,0.8207792207792208,0.8406060606060606,1.4583767666325727,1.684173874426219,,0.0,0.2857142857142789,0.06862470862470862
ORACLE,64,0.8344588744588745,0.8344588744588745,0.004618912701984307,0.0046189127019843085,0.833777777777778,0.8214285714285714,0.8401731601731601,1.4533857133801176,1.6857966725836597,,0.0,0.1666666666666627,0.04144522144522145
ORACLE,65,0.8348484848484848,0.8348484848484848,0.004225300307942979,0.00422530030794298,0.8340865800865803,0.8206926406926407,0.8407792207792207,1.4643624884393436,1.6848864062738376,,0.0,0.4047619047618951,0.09801864801864804
ORACLE,66,0.8348051948051948,0.8348051948051948,0.004092674559691432,0.004092674559691432,0.8342193362193362,0.8226839826839827,0.8412121212121212,1.4547885299001515,1.6835599994875385,,0.0,0.3333333333333254,0.07819735819735822
ORACLE,67,0.8345454545454546,0.8345454545454546,0.0038516044828912632,0.0038516044828912637,0.8342626262626262,0.8231168831168831,0.8414718614718615,1.4528878377314098,1.686851933470079,,0.0,0.3571428571428486,0.08751359751359752
ORACLE,68,0.8341558441558442,0.8341558441558442,0.004018866403653832,0.004018866403653833,0.8341616161616161,0.8224242424242424,0.8405627705627705,1.450485551142102,1.6867155371737492,,0.0,0.30952380952380215,0.07289044289044293
ORACLE,69,0.8341558441558442,0.8341558441558442,0.003908822131288991,0.003908822131288991,0.8342164502164503,0.8220779220779221,0.8407359307359308,1.4636551706395065,1.6877584796215404,,0.0,0.3333333333333254,0.07888111888111884
ORACLE,70,0.8347186147186147,0.8347186147186147,0.003815781661447066,0.003815781661447068,0.8347619047619048,0.822943722943723,0.8415151515151515,1.4736416666369776,1.6867306437400156,,0.014285714285714082,0.2857142857142789,0.06494172494172504
ORACLE,71,0.834935064935065,0.834935064935065,0.0033408125921473913,0.003340812592147393,0.835116883116883,0.8245021645021645,0.8425974025974026,1.47078641134441,1.6836075155341796,,0.0,0.3809523809523719,0.09254079254079256
ORACLE,72,0.8351082251082251,0.8351082251082251,0.003268734642178682,0.003268734642178684,0.834969696969697,0.8251515151515152,0.8418181818181818,1.4736771620534865,1.6859615089411295,,0.0,0.3333333333333254,0.08303807303807315
ORACLE,73,0.8353679653679653,0.8353679653679653,0.003388114385206749,0.003388114385206749,0.834955266955267,0.8248051948051948,0.8417316017316018,1.4635560234972973,1.6854798764170313,,0.0,0.3333333333333254,0.08117327117327122
ORACLE,74,0.8355411255411256,0.8355411255411256,0.003238126851034227,0.0032381268510342284,0.8352265512265513,0.8266233766233766,0.8398701298701299,1.4573241758839237,1.6893285182113287,,0.0,0.3333333333333254,0.08228438228438234
ORACLE,75,0.8358441558441558,0.8358441558441558,0.002867399164863342,0.0028673991648633422,0.8354430014430015,0.826017316017316,0.841038961038961,1.4672572222695353,1.6871330544968437,,0.0,0.47619047619046484,0.11534576534576539
ORACLE,76,0.8355844155844155,0.8355844155844155,0.0029317595689848683,0.0029317595689848704,0.8352698412698413,0.8257575757575758,0.840995670995671,1.4629119816533431,1.6865735769609302,,0.0,0.3571428571428486,0.08877233877233881
ORACLE,77,0.8361471861471862,0.8361471861471862,0.0027649703933476546,0.0027649703933476555,0.8356652236652236,0.827012987012987,0.8406926406926407,1.479673358549003,1.6862724880188011,,0.014285714285714082,0.3809523809523719,0.08946386946386947
ORACLE,78,0.8364069264069264,0.8364069264069264,0.0026545853027676097,0.0026545853027676106,0.8357344877344877,0.8266666666666667,0.8415584415584415,1.4786022440956417,1.6872275916565314,,0.0,0.42857142857141833,0.10168609168609176
ORACLE,79,0.8361904761904762,0.8361904761904762,0.0026147416772959657,0.002614741677295966,0.835950937950938,0.827056277056277,0.8419047619047619,1.4678221449516768,1.6845402198079014,,0.0,0.3809523809523719,0.09246309246309253
ORACLE,80,0.8361904761904762,0.8361904761904762,0.002567552502635649,0.00256755250263565,0.835939393939394,0.8276623376623377,0.8403463203463204,1.4626960231779966,1.6891500832211,,0.0,0.3571428571428486,0.08433566433566436
ORACLE,81,0.8363203463203464,0.8363203463203464,0.0028643294447662213,0.002864329444766223,0.8360057720057721,0.8258008658008658,0.8405194805194806,1.4659088097828357,1.6876793153065965,,0.0,0.23809523809523242,0.05758352758352764
ORACLE,82,0.8364935064935065,0.8364935064935065,0.0025650617744121373,0.0025650617744121377,0.8359105339105339,0.8268831168831169,0.841038961038961,1.4604680930580936,1.6870520447820092,,0.0,0.42857142857141833,0.10304584304584306
ORACLE,83,0.8370995670995671,0.8370995670995671,0.0024634959484728914,0.0024634959484728914,0.8360952380952381,0.8273593073593074,0.8416450216450216,1.4723910225102914,1.685445506232905,,0.0,0.42857142857141833,0.10168609168609175
ORACLE,84,0.837012987012987,0.837012987012987,0.0025981441564363653,0.0025981441564363653,0.8360346320346321,0.8267965367965368,0.8416883116883117,1.4649481806731182,1.6838637126989051,,0.0,0.30952380952380215,0.0766511266511267
ORACLE,85,0.8364935064935065,0.8364935064935065,0.0026732518923106735,0.0026732518923106743,0.8360259740259741,0.8274891774891775,0.841991341991342,1.4637077412856123,1.6840224180354857,,0.0,0.3809523809523719,0.09357420357420367
ORACLE,86,0.8365800865800865,0.8365800865800865,0.0025432441007269962,0.0025432441007269962,0.8360981240981241,0.8285714285714286,0.8404329004329004,1.4725283684253356,1.6891593438495758,,0.0,0.3333333333333254,0.08160062160062156
ORACLE,87,0.8366666666666667,0.8366666666666667,0.0024513502790657698,0.0024513502790657698,0.8358643578643578,0.828051948051948,0.8402164502164502,1.465185514815554,1.688579752848257,,0.0,0.3333333333333254,0.08041958041958047
ORACLE,88,0.8363636363636363,0.8363636363636363,0.002600977751531703,0.0026009777515317045,0.8358932178932179,0.828008658008658,0.8405627705627705,1.460290931353023,1.6869034301062098,,0.0,0.21428571428570917,0.04862470862470865
ORACLE,89,0.8361904761904762,0.8361904761904762,0.0021823064558086024,0.0021823064558086033,0.8358932178932179,0.8284415584415584,0.8396103896103896,1.4709353456654455,1.6904870780822228,,0.0,0.4523809523809416,0.10724164724164725
ORACLE,90,0.8362337662337662,0.8362337662337662,0.002247873268930614,0.0022478732689306144,0.8360519480519482,0.8283549783549784,0.8402164502164502,1.4751328373421253,1.6892215091503613,,0.0,0.3333333333333254,0.08228438228438234
ORACLE,91,0.8363636363636363,0.8363636363636363,0.00227987023979274,0.0022798702397927406,0.836037518037518,0.8285281385281386,0.840995670995671,1.4751745785259234,1.6867096088630076,,0.0,0.23809523809523242,0.05682983682983686
ORACLE,92,0.8364069264069264,0.8364069264069264,0.002261368492260197,0.0022613684922601985,0.8360721500721502,0.8284848484848485,0.8421212121212122,1.4744551021132355,1.6852303515516587,,0.0,0.4047619047618951,0.09655788655788666
ORACLE,93,0.8361904761904762,0.8361904761904762,0.0023538208692333506,0.0023538208692333515,0.8358643578643579,0.8277056277056277,0.84004329004329,1.4673019868267558,1.6885369608692553,,0.0,0.2857142857142789,0.07008547008547013
ORACLE,94,0.8365367965367966,0.8365367965367966,0.0023821531874829074,0.0023821531874829087,0.8358701298701299,0.8282251082251082,0.8405627705627705,1.4635972104670563,1.6875653800518848,,0.0,0.23809523809523242,0.05869463869463877
ORACLE,95,0.8363203463203464,0.8363203463203464,0.002321601472342287,0.0023216014723422885,0.8358268398268398,0.8272727272727273,0.8403896103896104,1.4621721490921677,1.6881110019786982,,0.0,0.3809523809523719,0.09246309246309248
ORACLE,96,0.8363203463203464,0.8363203463203464,0.0020890851501707804,0.002089085150170781,0.8356825396825396,0.827965367965368,0.8403896103896104,1.461371237344263,1.689790748190306,,0.0,0.4523809523809416,0.11049728049728047
ORACLE,97,0.8364069264069264,0.8364069264069264,0.002158314600400104,0.0021583146004001044,0.8358989898989898,0.8274025974025974,0.8399567099567099,1.4601693040399457,1.6918380828195803,,0.0,0.2857142857142789,0.06690753690753692
ORACLE,98,0.8364069264069264,0.8364069264069264,0.002128407313258316,0.002128407313258317,0.8357633477633478,0.8273593073593074,0.8398701298701299,1.471299669911249,1.6907284698899148,,0.0,0.3333333333333254,0.08056721056721064
ORACLE,99,0.8364502164502164,0.8364502164502164,0.002005514105209755,0.0020055141052097553,0.835887445887446,0.8287878787878787,0.8401731601731601,1.4810157584255919,1.6897776972557805,,0.0,0.2857142857142789,0.06937839937839939
ORACLE,100,0.8365367965367966,0.8365367965367966,0.001786110955738543,0.0017861109557385437,0.8358383838383837,0.8285714285714286,0.8403030303030303,1.4732537150245033,1.6903529903378622,,0.0,0.47619047619046484,0.11562548562548569
ORACLE,101,0.8365800865800865,0.8365800865800865,0.001664920034865038,0.0016649200348650387,0.835852813852814,0.8296536796536796,0.8398701298701299,1.474620515806556,1.6902290638502313,,0.0,0.3809523809523719,0.09501165501165505
ORACLE,102,0.8367099567099567,0.8367099567099567,0.0018832833150556456,0.001883283315055646,0.836103896103896,0.828961038961039,0.8405627705627705,1.469615820120062,1.6891783680374597,,0.0,0.2857142857142789,0.06895104895104899
ORACLE,103,0.8363636363636363,0.8363636363636363,0.0016418338424642838,0.0016418338424642842,0.8362626262626264,0.8299134199134199,0.8396103896103896,1.4834325630228338,1.69481494291623,,0.0,0.42857142857141833,0.10279720279720281
ORACLE,104,0.837056277056277,0.837056277056277,0.0015262835728424911,0.0015262835728424918,0.8363694083694085,0.8303030303030303,0.8409090909090909,1.4828229242612148,1.689774008673805,,0.0,0.3809523809523719,0.09347319347319355
ORACLE,105,0.8367965367965368,0.8367965367965368,0.0015361326971555084,0.001536132697155509,0.8364617604617605,0.8301731601731601,0.8406493506493506,1.4785478552641793,1.6905789747692135,,0.014285714285714082,0.49999999999998807,0.1155322455322457
ORACLE,106,0.8365800865800865,0.8365800865800865,0.0014765168431420108,0.0014765168431420115,0.8362106782106783,0.8296103896103896,0.8403463203463204,1.4720167820557015,1.6912726798620041,,0.0,0.5238095238095113,0.12742035742035746
ORACLE,107,0.8366233766233766,0.8366233766233766,0.0013990122629159588,0.0013990122629159588,0.8363722943722943,0.8299134199134199,0.8398268398268398,1.470308348537144,1.6931950762464567,,0.0,0.4047619047618951,0.0931546231546231
ORACLE,108,0.8365800865800865,0.8365800865800865,0.001473337952624278,0.0014733379526242786,0.8363751803751802,0.83,0.8396969696969697,1.4698208949630223,1.692628477747892,,0.0,0.4047619047618951,0.09759129759129762
ORACLE,109,0.8366233766233766,0.8366233766233766,0.0015087617492055426,0.001508761749205543,0.8365916305916306,0.830995670995671,0.8408225108225108,1.4743822020594786,1.6892582981478679,,0.0,0.4047619047618951,0.09264957264957271
ORACLE,110,0.8367965367965368,0.8367965367965368,0.0014060095304186597,0.00140600953041866,0.8366118326118326,0.8315151515151515,0.8394372294372294,1.4790604176097177,1.6951851625052479,,0.0,0.4047619047618951,0.09852369852369855
ORACLE,111,0.8367099567099567,0.8367099567099567,0.0013186305518906292,0.0013186305518906297,0.8365627705627705,0.8311255411255412,0.8405194805194806,1.4804588313342013,1.6920199089657249,,0.0,0.42857142857141833,0.10526806526806534
ORACLE,112,0.8368398268398268,0.8368398268398268,0.0013913949887863336,0.001391394988786334,0.8365194805194806,0.830995670995671,0.8407359307359308,1.4727274589679111,1.6903883484997597,,0.0,0.30952380952380215,0.07418026418026417
ORACLE,113,0.8365367965367966,0.8365367965367966,0.0013963282281406247,0.0013963282281406252,0.8364992784992785,0.8306926406926407,0.8405194805194806,1.470001355813396,1.690479602081251,,0.0,0.4047619047618951,0.09665889665889671
ORACLE,114,0.8362770562770563,0.8362770562770563,0.0014735605775397533,0.0014735605775397537,0.8364184704184704,0.8303030303030303,0.8396536796536797,1.475534334004213,1.6943448883828296,,0.0,0.23809523809523242,0.056146076146076154
ORACLE,115,0.8364502164502164,0.8364502164502164,0.0014377940688139665,0.0014377940688139667,0.8365021645021646,0.8304761904761905,0.8400865800865801,1.472144123944671,1.6920802996746436,,0.0,0.4523809523809416,0.1067365967365968
ORACLE,116,0.8368398268398268,0.8368398268398268,0.0013479805452962328,0.0013479805452962332,0.8367070707070707,0.8307792207792207,0.840952380952381,1.4773037552414394,1.689597608660023,,0.0,0.42857142857141833,0.10057498057498057
ORACLE,117,0.8368831168831169,0.8368831168831169,0.0013807190218197139,0.0013807190218197139,0.8367647907647908,0.8304329004329004,0.8406060606060606,1.4728143592715157,1.6916153597076744,,0.0,0.3571428571428486,0.08733488733488734
ORACLE,118,0.8370995670995671,0.8370995670995671,0.001499392158018384,0.0014993921580183838,0.837079365079365,0.8305627705627706,0.8412554112554113,1.4702308258668693,1.6900667123966415,,0.0,0.21428571428570917,0.054172494172494194
ORACLE,119,0.8369696969696969,0.8369696969696969,0.0013481979608826944,0.0013481979608826946,0.8371341991341991,0.8314285714285714,0.8409090909090909,1.4701923635876346,1.691297199581371,,0.0,0.42857142857141833,0.10919968919968927
ORACLE,120,0.836926406926407,0.836926406926407,0.0013204331335904924,0.0013204331335904924,0.836972582972583,0.8313852813852813,0.84,1.4693332116757802,1.6943582327404278,,0.0,0.42857142857141833,0.10443667443667451
ORACLE,121,0.8374458874458874,0.8374458874458874,0.0013321186786794709,0.0013321186786794715,0.8370187590187592,0.8307792207792207,0.8401298701298702,1.477443522575964,1.69395362931694,,0.0,0.3571428571428486,0.08579642579642588
ORACLE,122,0.8373593073593074,0.8373593073593074,0.0014542306420932572,0.0014542306420932578,0.8369927849927848,0.8303463203463204,0.8403896103896104,1.4864557630308042,1.6933208404091766,,0.014285714285714082,0.2857142857142789,0.07083916083916089
ORACLE,123,0.8373160173160173,0.8373160173160173,0.001323440102862638,0.0013234401028626385,0.8371082251082249,0.8308225108225108,0.8406493506493506,1.477433461224699,1.6931233947172517,,0.0,0.4047619047618951,0.09819735819735823
ORACLE,124,0.8374891774891775,0.8374891774891775,0.001363969658630204,0.001363969658630204,0.8371457431457433,0.830952380952381,0.8397402597402598,1.4746691335613196,1.695469593979739,,0.0,0.2857142857142789,0.06862470862470862
ORACLE,125,0.8375757575757575,0.8375757575757575,0.0013965019568720266,0.0013965019568720268,0.8372871572871573,0.8307792207792207,0.8406493506493506,1.477992749625127,1.694152647039923,,0.0,0.30952380952380215,0.07622377622377628
ORACLE,126,0.8377056277056277,0.8377056277056277,0.0014068356372453938,0.0014068356372453946,0.8372352092352091,0.8307359307359308,0.8411255411255412,1.4738155180666705,1.6926146722190762,,0.0,0.2857142857142789,0.07081585081585091
ORACLE,127,0.8377489177489178,0.8377489177489178,0.0013900940244984496,0.0013900940244984503,0.8371746031746031,0.8316883116883117,0.8416883116883117,1.476940156838861,1.6913556804063052,,0.0,0.2857142857142789,0.06955710955710964
ORACLE,128,0.8374891774891775,0.8374891774891775,0.0013832566524111696,0.0013832566524111698,0.8371717171717172,0.831038961038961,0.8402164502164502,1.4780743076678369,1.6969013667936321,,0.0,0.3333333333333254,0.08024087024087022
ORACLE,129,0.8374891774891775,0.8374891774891775,0.0011305125581366794,0.0011305125581366796,0.8372496392496392,0.8315151515151515,0.8403030303030303,1.4752547252108208,1.695234574119874,,0.0,0.42857142857141833,0.10433566433566435
ORACLE,130,0.8374458874458874,0.8374458874458874,0.0010582432936571942,0.0010582432936571944,0.8373362193362193,0.8319047619047619,0.8402597402597403,1.474530159451953,1.6965796365711145,,0.0,0.49999999999998807,0.12415695415695421
ORACLE,131,0.8377489177489178,0.8377489177489178,0.0010750886951582225,0.0010750886951582225,0.8374516594516596,0.8326406926406926,0.8406493506493506,1.4824716895381154,1.6934576004902113,,0.0,0.2857142857142789,0.07048951048951053
ORACLE,132,0.8375757575757575,0.8375757575757575,0.0010391821807849847,0.0010391821807849847,0.8374545454545455,0.8321212121212122,0.8405627705627705,1.47936987609286,1.6946804457940685,,0.0,0.3333333333333254,0.08177933177933176
ORACLE,133,0.8377056277056277,0.8377056277056277,0.0011771188830506838,0.001177118883050684,0.8374401154401153,0.8312554112554112,0.841038961038961,1.4842020174866466,1.694718227738787,,0.0,0.26190476190475565,0.06382284382284387
ORACLE,134,0.8378354978354978,0.8378354978354978,0.0011117612033845002,0.0011117612033845004,0.8373506493506494,0.8316450216450216,0.8402164502164502,1.4801225554086024,1.6951234397658292,,0.0,0.42857142857141833,0.10519036519036522
ORACLE,135,0.8373160173160173,0.8373160173160173,0.0011072831933324862,0.0011072831933324864,0.8372294372294373,0.8310822510822511,0.8402597402597403,1.483583066250536,1.6949890831051708,,0.0,0.42857142857141833,0.10332556332556339
ORACLE,136,0.8374891774891775,0.8374891774891775,0.0010822138424214467,0.001082213842421447,0.8372294372294372,0.8312121212121212,0.8398268398268398,1.4840081590539596,1.6965036601960972,,0.0,0.3571428571428486,0.08476301476301482
ORACLE,137,0.8373593073593074,0.8373593073593074,0.0011422756089645453,0.0011422756089645458,0.837119769119769,0.8307792207792207,0.8406060606060606,1.4850966829219212,1.692979691037831,,0.0,0.30952380952380215,0.07407925407925413
ORACLE,138,0.8376190476190476,0.8376190476190476,0.0011357771734066954,0.0011357771734066956,0.8374170274170274,0.8323809523809523,0.8412987012987013,1.4827666633098384,1.6923351385219179,,0.0,0.23809523809523242,0.05589743589743594
ORACLE,139,0.8379653679653679,0.8379653679653679,0.0010956265105661423,0.0010956265105661425,0.8374689754689754,0.8314718614718615,0.8405194805194806,1.4852865381801246,1.6945231822600864,,0.0,0.30952380952380215,0.07543900543900547
ORACLE,140,0.8379653679653679,0.8379653679653679,0.0011248831378266077,0.001124883137826608,0.8374862914862913,0.8313852813852813,0.8407359307359308,1.4811570962034737,1.6945692791802267,,0.0,0.42857142857141833,0.10032634032634034
ORACLE,141,0.8379653679653679,0.8379653679653679,0.0012429433651520235,0.0012429433651520235,0.8375555555555556,0.8307792207792207,0.8403896103896104,1.4774299830114808,1.695149907451504,,0.0,0.14285714285713946,0.03581196581196582
ORACLE,142,0.8380952380952381,0.8380952380952381,0.0011786617420542931,0.0011786617420542933,0.8376536796536798,0.8318181818181818,0.8406060606060606,1.4759728170749322,1.6949710281008366,,0.0,0.30952380952380215,0.07221445221445216
ORACLE,143,0.837922077922078,0.837922077922078,0.0010552453545175527,0.0010552453545175531,0.8378037518037519,0.8319047619047619,0.8414285714285714,1.482663447660075,1.6937148295231155,,0.0,0.3571428571428486,0.08458430458430465
ORACLE,144,0.8377489177489178,0.8377489177489178,0.001056659565935486,0.001056659565935486,0.8376911976911977,0.8322077922077922,0.8401298701298702,1.475876436562538,1.6963209163417476,,0.0,0.2857142857142789,0.07031080031080032
ORACLE,145,0.838051948051948,0.838051948051948,0.0010109586914945025,0.0010109586914945027,0.8378354978354978,0.8325541125541126,0.8401298701298702,1.480803469206492,1.6971969157026148,,0.0,0.4047619047618951,0.09544677544677545
ORACLE,146,0.8382683982683983,0.8382683982683983,0.0008623623457888466,0.0008623623457888471,0.8378989898989897,0.8328571428571429,0.8403463203463204,1.4838366485423788,1.6971122309893345,,0.0,0.5238095238095113,0.1286790986790988
ORACLE,147,0.8384848484848485,0.8384848484848485,0.0009190870450622026,0.0009190870450622031,0.838,0.8327705627705627,0.8405194805194806,1.486248243311762,1.6965084352753368,,0.0,0.2857142857142789,0.07081585081585091
ORACLE,148,0.8382683982683983,0.8382683982683983,0.0008772730537766327,0.0008772730537766332,0.837847041847042,0.8328138528138528,0.8398268398268398,1.4875382732508644,1.6980580774162122,,0.0,0.3571428571428486,0.08801864801864798
ORACLE,149,0.8379653679653679,0.8379653679653679,0.0009007984123334765,0.0009007984123334769,0.837873015873016,0.8326839826839827,0.8404761904761905,1.482341041828254,1.6961819222347936,,0.0,0.30952380952380215,0.07296814296814308
ORACLE,150,0.8383549783549784,0.8383549783549784,0.0008633817108189865,0.000863381710818987,0.83788455988456,0.8328571428571429,0.8402597402597403,1.4865606547760077,1.6948798653005075,,0.0,0.42857142857141833,0.10415695415695428
ORACLE,151,0.8383549783549784,0.8383549783549784,0.0008498534883924645,0.0008498534883924647,0.8379393939393939,0.8328571428571429,0.83991341991342,1.4878517336099786,1.6986160922253182,,0.0,0.3809523809523719,0.08946386946386951
ORACLE,152,0.8385714285714285,0.8385714285714285,0.0007706941848538652,0.0007706941848538654,0.8380836940836941,0.8338961038961039,0.8401731601731601,1.4876406945328489,1.697552036413465,,0.0,0.42857142857141833,0.10612276612276614
ORACLE,153,0.8384415584415584,0.8384415584415584,0.0007547895966788187,0.0007547895966788188,0.8379451659451659,0.8342857142857143,0.8406926406926407,1.4851181074268636,1.696628818766054,,0.0,0.3809523809523719,0.09110334110334105
ORACLE,154,0.8384848484848485,0.8384848484848485,0.0007499990846357391,0.0007499990846357393,0.8378874458874461,0.8337229437229438,0.8403030303030303,1.4856976361326186,1.696375755663753,,0.0,0.4047619047618951,0.0936596736596737
ORACLE,155,0.8385714285714285,0.8385714285714285,0.0007198652918495622,0.0007198652918495626,0.8379567099567101,0.8332900432900433,0.8409090909090909,1.4868944354069153,1.6965602476410282,,0.0,0.3571428571428486,0.08662781662781671
ORACLE,156,0.8384415584415584,0.8384415584415584,0.0007881539946160608,0.000788153994616061,0.837780663780664,0.8325541125541126,0.8406493506493506,1.4877203971215476,1.6952039364421472,,0.0,0.23809523809523242,0.058189588189588214
ORACLE,157,0.8386147186147186,0.8386147186147186,0.0007989481841665699,0.0007989481841665701,0.838092352092352,0.832943722943723,0.8407359307359308,1.4876636476600227,1.6948164952764402,,0.0,0.3571428571428486,0.08433566433566433
ORACLE,158,0.8384415584415584,0.8384415584415584,0.0008266941349045235,0.0008266941349045236,0.8380548340548339,0.8327705627705627,0.8406493506493506,1.486938035168859,1.6950180956622294,,0.0,0.30952380952380215,0.07655011655011659
ORACLE,159,0.8385281385281386,0.8385281385281386,0.0007748473178172186,0.0007748473178172189,0.8381645021645022,0.8333333333333334,0.8412987012987013,1.4817906325173715,1.6950223618098383,,0.028571428571428165,0.49999999999998807,0.1161383061383062
ORACLE,160,0.8385714285714285,0.8385714285714285,0.0008021721833561758,0.000802172183356176,0.8380981240981241,0.832943722943723,0.8411688311688311,1.4846966542561837,1.693476774418441,,0.0,0.30952380952380215,0.07589743589743593
ORACLE,161,0.8386147186147186,0.8386147186147186,0.0007677969917143125,0.0007677969917143127,0.8380721500721502,0.8328571428571429,0.8408225108225108,1.4861807110708658,1.6968918352999622,,0.014285714285714082,0.42857142857141833,0.10397824397824408
ORACLE,162,0.8385281385281386,0.8385281385281386,0.000763523701261941,0.0007635237012619414,0.837982683982684,0.8330735930735931,0.84,1.4849303596537826,1.6977551665703257,,0.0,0.2857142857142789,0.06834498834498837
ORACLE,163,0.8388311688311688,0.8388311688311688,0.0008517563510885616,0.0008517563510885619,0.8379942279942278,0.8332034632034632,0.8405627705627705,1.48041263621866,1.6964803364578989,,0.0,0.23809523809523242,0.058189588189588186
ORACLE,164,0.8384415584415584,0.8384415584415584,0.0008014941933038902,0.0008014941933038905,0.8378989898989899,0.8338961038961039,0.8404329004329004,1.478397027167952,1.6984161384745318,,0.0,0.49999999999998807,0.11638694638694645
ORACLE,165,0.8383549783549784,0.8383549783549784,0.0008138780868461634,0.0008138780868461637,0.8380144300144302,0.833939393939394,0.8401731601731601,1.4818111301582844,1.6970667095798615,,0.0,0.21428571428570917,0.04955710955710956
ORACLE,166,0.8383982683982684,0.8383982683982684,0.000757211997832936,0.0007572119978329365,0.8378932178932178,0.8331601731601732,0.8403030303030303,1.4826961600223028,1.6977562331115224,,0.0,0.47619047619046484,0.11287490287490297
ORACLE,167,0.8385714285714285,0.8385714285714285,0.0007094920039408415,0.0007094920039408418,0.8381529581529582,0.8344155844155844,0.8407792207792207,1.487249566996172,1.6957449842152448,,0.0,0.42857142857141833,0.1015073815073816
ORACLE,168,0.8386580086580087,0.8386580086580087,0.000764338199231826,0.0007643381992318262,0.838008658008658,0.8339826839826839,0.8403463203463204,1.4841916273886944,1.6961248851792519,,0.0,0.26190476190475565,0.06331779331779336
ORACLE,169,0.8384415584415584,0.8384415584415584,0.0007303304541329405,0.0007303304541329405,0.83788455988456,0.8341991341991342,0.8397402597402598,1.485882031031533,1.6991880424625987,,0.0,0.3333333333333254,0.08289044289044292
ORACLE,170,0.8384848484848485,0.8384848484848485,0.0007495640206821482,0.0007495640206821486,0.8381471861471861,0.8345021645021645,0.8403896103896104,1.4818099420198827,1.6982375896009456,,0.0,0.30952380952380215,0.07493395493395502
ORACLE,171,0.8383982683982684,0.8383982683982684,0.0007944736166261886,0.0007944736166261889,0.8380894660894662,0.8335930735930736,0.8401298701298702,1.4799632321283953,1.6978201810239952,,0.0,0.19047619047618594,0.04811188811188812
ORACLE,172,0.8383982683982684,0.8383982683982684,0.0007812818253366868,0.0007812818253366869,0.8380923520923521,0.8345887445887445,0.8402164502164502,1.4832268755968183,1.698202083803983,,0.0,0.30952380952380215,0.06956487956487958
ORACLE,173,0.8385714285714285,0.8385714285714285,0.0007393702665606595,0.0007393702665606599,0.8380346320346319,0.8341991341991342,0.8401298701298702,1.48429385327182,1.6980053281357548,,0.0,0.3333333333333254,0.08041958041958051
ORACLE,174,0.8387878787878787,0.8387878787878787,0.0007060784741294887,0.0007060784741294889,0.8381500721500722,0.8341558441558442,0.8407792207792207,1.4807339238808988,1.6973146478127692,,0.0,0.30952380952380215,0.07160839160839165
ORACLE,175,0.8387878787878787,0.8387878787878787,0.0006747772043564077,0.000674777204356408,0.8381587301587301,0.8335930735930736,0.8405627705627705,1.4876693370981773,1.697206253700746,,0.0,0.3809523809523719,0.08928515928515932
ORACLE,176,0.8387012987012987,0.8387012987012987,0.0006364000878279273,0.0006364000878279277,0.8382655122655124,0.8332467532467532,0.8400865800865801,1.484010575287094,1.6982189184678975,,0.0,0.4047619047618951,0.09726495726495729
ORACLE,177,0.8388311688311688,0.8388311688311688,0.0006926102626544059,0.0006926102626544062,0.8383492063492064,0.8338528138528138,0.8403896103896104,1.4850109106987508,1.6966519452883393,,0.0,0.21428571428570917,0.05212898212898215
ORACLE,178,0.8387878787878787,0.8387878787878787,0.000742277752642574,0.0007422777526425743,0.8383290043290044,0.8332900432900433,0.8412554112554113,1.4852368519508434,1.6953851395856094,,0.0,0.23809523809523242,0.05571872571872581
ORACLE,179,0.839047619047619,0.839047619047619,0.0006861883227124984,0.0006861883227124988,0.8384184704184704,0.8341558441558442,0.8402164502164502,1.4811174335997592,1.6991932894132962,,0.0,0.3571428571428486,0.08955710955710955
ORACLE,180,0.8388311688311688,0.8388311688311688,0.0006938282601646273,0.0006938282601646276,0.8382164502164501,0.8332034632034632,0.8404761904761905,1.4885127434081262,1.69804078676133,,0.0,0.4047619047618951,0.10099456099456107
ORACLE,181,0.8387878787878787,0.8387878787878787,0.000606996943572382,0.0006069969435723822,0.8382077922077922,0.8336363636363636,0.8400865800865801,1.4878508349622837,1.7000106422256582,,0.0,0.5238095238095113,0.12202020202020207
ORACLE,182,0.8387445887445888,0.8387445887445888,0.0005541009874180797,0.00055410098741808,0.8382279942279943,0.8337229437229438,0.8406926406926407,1.4873599067096293,1.6974779705933514,,0.0,0.49999999999998807,0.12032634032634043
ORACLE,183,0.8386147186147186,0.8386147186147186,0.0006438589572292723,0.0006438589572292726,0.8383232323232324,0.8333766233766233,0.8407359307359308,1.4846692553157133,1.696183691479814,,0.014285714285714082,0.21428571428570917,0.0517016317016317
ORACLE,184,0.8386147186147186,0.8386147186147186,0.0005938167615998083,0.0005938167615998085,0.8383203463203464,0.833939393939394,0.8403463203463204,1.4864552490573155,1.697849355425283,,0.0,0.3809523809523719,0.0908236208236208
ORACLE,185,0.8387012987012987,0.8387012987012987,0.0005885061801299903,0.0005885061801299904,0.8384790764790765,0.8347186147186147,0.8401298701298702,1.486325338463149,1.6968746287165644,,0.014285714285714082,0.3333333333333254,0.07973581973581974
ORACLE,186,0.8384415584415584,0.8384415584415584,0.0005503128146678407,0.0005503128146678411,0.8384473304473306,0.8338095238095238,0.8406926406926407,1.4883096289134017,1.6967051865662242,,0.0,0.4523809523809416,0.11218337218337232
ORACLE,187,0.8387878787878787,0.8387878787878787,0.0005977371820159162,0.0005977371820159165,0.8382712842712844,0.8335497835497836,0.8402164502164502,1.487025237106193,1.6982556373429876,,0.0,0.30952380952380215,0.07543900543900545
ORACLE,188,0.8388311688311688,0.8388311688311688,0.0005903572821516337,0.0005903572821516339,0.8385137085137085,0.8338095238095238,0.8401731601731601,1.488593337339909,1.6993870485688034,,0.0,0.3809523809523719,0.0904972804972805
ORACLE,189,0.8388311688311688,0.8388311688311688,0.0005863885478392851,0.0005863885478392852,0.8384733044733044,0.8341991341991342,0.8403463203463204,1.488269677664884,1.6979838545433954,,0.0,0.4047619047618951,0.09902874902874906
ORACLE,190,0.839047619047619,0.839047619047619,0.0005910014441364047,0.0005910014441364048,0.8385945165945164,0.8346320346320346,0.8403463203463204,1.485773712945931,1.6980128385702589,,0.0,0.2857142857142789,0.07356643356643362
ORACLE,191,0.838917748917749,0.838917748917749,0.0005860865696213431,0.0005860865696213434,0.8385627705627705,0.8338528138528138,0.8407792207792207,1.4884663918873837,1.696481037425369,,0.014285714285714082,0.4523809523809416,0.10807303807303813
ORACLE,192,0.839004329004329,0.839004329004329,0.0006196417080123747,0.0006196417080123753,0.8386147186147185,0.8341558441558442,0.841038961038961,1.4874192683093843,1.6955302420099252,,0.0,0.26190476190475565,0.0617793317793318
ORACLE,193,0.8389610389610389,0.8389610389610389,0.0006032101641423536,0.000603210164142354,0.8385714285714285,0.8339826839826839,0.8407792207792207,1.4886093319938682,1.6964918595045568,,0.0,0.2857142857142789,0.0695571095571096
ORACLE,194,0.8389610389610389,0.8389610389610389,0.0006444866433113859,0.000644486643311386,0.8385367965367965,0.8339826839826839,0.8404329004329004,1.4861583163761742,1.6972834908682775,,0.0,0.30952380952380215,0.07339549339549342
ORACLE,195,0.838917748917749,0.838917748917749,0.0006239319288280663,0.0006239319288280666,0.8385339105339106,0.8337229437229438,0.8408225108225108,1.488689676363784,1.6956970001510339,,0.0,0.30952380952380215,0.0714296814296815
ORACLE,196,0.839004329004329,0.839004329004329,0.0005561640739667398,0.00055616407396674,0.8386002886002887,0.834935064935065,0.841038961038961,1.4867480653313097,1.6962373300078277,,0.0,0.4523809523809416,0.10878010878010883
ORACLE,197,0.8388311688311688,0.8388311688311688,0.0005750640489609211,0.0005750640489609213,0.8386118326118326,0.8348917748917749,0.8410822510822511,1.4890453718004533,1.6953557458340534,,0.0,0.3333333333333254,0.08467754467754478
ORACLE,198,0.8390909090909091,0.8390909090909091,0.0005640506902773568,0.0005640506902773573,0.8387647907647909,0.8341991341991342,0.841038961038961,1.4873270008937398,1.695678197797057,,0.0,0.3571428571428486,0.08834498834498848
ORACLE,199,0.838917748917749,0.838917748917749,0.0005877018543414728,0.000587701854341473,0.8386637806637806,0.8347619047619048,0.8412121212121212,1.4890074180782704,1.6965631899832436,,0.0,0.26190476190475565,0.06313908313908312
